-- MariaDB dump 10.19-11.1.0-MariaDB, for Win64 (AMD64)
--
-- Host: localhost    Database: vas
-- ------------------------------------------------------
-- Server version	11.1.0-MariaDB

/*!40101 SET @OLD_CHARACTER_SET_CLIENT=@@CHARACTER_SET_CLIENT */;
/*!40101 SET @OLD_CHARACTER_SET_RESULTS=@@CHARACTER_SET_RESULTS */;
/*!40101 SET @OLD_COLLATION_CONNECTION=@@COLLATION_CONNECTION */;
/*!40101 SET NAMES utf8mb4 */;
/*!40103 SET @OLD_TIME_ZONE=@@TIME_ZONE */;
/*!40103 SET TIME_ZONE='+00:00' */;
/*!40014 SET @OLD_UNIQUE_CHECKS=@@UNIQUE_CHECKS, UNIQUE_CHECKS=0 */;
/*!40014 SET @OLD_FOREIGN_KEY_CHECKS=@@FOREIGN_KEY_CHECKS, FOREIGN_KEY_CHECKS=0 */;
/*!40101 SET @OLD_SQL_MODE=@@SQL_MODE, SQL_MODE='NO_AUTO_VALUE_ON_ZERO' */;
/*!40111 SET @OLD_SQL_NOTES=@@SQL_NOTES, SQL_NOTES=0 */;

--
-- Table structure for table `author`
--

DROP TABLE IF EXISTS `author`;
/*!40101 SET @saved_cs_client     = @@character_set_client */;
/*!40101 SET character_set_client = utf8 */;
CREATE TABLE `author` (
  `id` int(11) NOT NULL AUTO_INCREMENT,
  `name` varchar(50) NOT NULL,
  PRIMARY KEY (`id`)
) ENGINE=InnoDB AUTO_INCREMENT=101 DEFAULT CHARSET=utf8mb4 COLLATE=utf8mb4_general_ci;
/*!40101 SET character_set_client = @saved_cs_client */;

--
-- Dumping data for table `author`
--

LOCK TABLES `author` WRITE;
/*!40000 ALTER TABLE `author` DISABLE KEYS */;
INSERT INTO `author` VALUES
(1,'Ricky Story'),
(2,'Allen Brumfield'),
(3,'Donaugh Kyme'),
(4,'Greg Conradie'),
(5,'Gardiner Dakin'),
(6,'Mandie Ilyas'),
(7,'Gray Muslim'),
(8,'Stafford Klimentov'),
(9,'Elfreda Hamley'),
(10,'Rustin Giovanitti'),
(11,'Emlynn De La Haye'),
(12,'Vivian McKendo'),
(13,'Anatole Holby'),
(14,'Delmar Kennagh'),
(15,'Clem Ashleigh'),
(16,'Natala Floyed'),
(17,'Revkah Perri'),
(18,'Opaline Hultberg'),
(19,'Sande Redhills'),
(20,'Rickey Barrass'),
(21,'Heddi Minchinton'),
(22,'Bria Shrubshall'),
(23,'Roland Beidebeke'),
(24,'Glynda McCullagh'),
(25,'Ignaz Domm'),
(26,'Bill Godridge'),
(27,'Pincus Frangleton'),
(28,'Dido Friend'),
(29,'Luciano Priestner'),
(30,'Fay Reavey'),
(31,'Eugen Reder'),
(32,'Clim Skain'),
(33,'Alister Francello'),
(34,'Ignacio Lavender'),
(35,'Gery Scandrite'),
(36,'Daniela Yurin'),
(37,'Austin Warburton'),
(38,'Aleta Greenin'),
(39,'Lydie Long'),
(40,'Andrej Barsham'),
(41,'Dill McGiveen'),
(42,'Cate Passion'),
(43,'Archer Lafrentz'),
(44,'Augusta Lillo'),
(45,'Cristin Crosi'),
(46,'Aurelie Virgin'),
(47,'Irena Lartice'),
(48,'Dolph Cranshaw'),
(49,'Christel Cashin'),
(50,'Timmy Prestwich'),
(51,'Helaine Van Leijs'),
(52,'Hazel Whiterod'),
(53,'Leodora Whithorn'),
(54,'Mia Brayson'),
(55,'Tymothy Garatty'),
(56,'Vikky Cammish'),
(57,'Nola Mogridge'),
(58,'Ariela Merritt'),
(59,'Madella Abram'),
(60,'Lyssa Absolon'),
(61,'Shea Ridsdell'),
(62,'Ulla Roumier'),
(63,'Delinda Hannon'),
(64,'Estella Standish'),
(65,'Abigale Lukock'),
(66,'Sile Stribling'),
(67,'Ninnette Okenden'),
(68,'Mikael Wilmott'),
(69,'Iver Janjic'),
(70,'Parry Blackmore'),
(71,'Itch Dobble'),
(72,'Agneta Saylor'),
(73,'Corbett Matuska'),
(74,'Gay Bastick'),
(75,'Stu Duckhouse'),
(76,'Shawna Barthelet'),
(77,'Basilius Bairnsfather'),
(78,'Flory Abelovitz'),
(79,'Christoforo Neagle'),
(80,'Minta Vannikov'),
(81,'Judah Thames'),
(82,'Olwen Goudy'),
(83,'Mirella MacCafferty'),
(84,'Nicolais Routley'),
(85,'Liliane Lightoller'),
(86,'Horton Anstee'),
(87,'Mariska Diamant'),
(88,'Roshelle Riach'),
(89,'Nessi Reidshaw'),
(90,'Amory Kharchinski'),
(91,'Erskine Maren'),
(92,'Stefa Grennan'),
(93,'Byrann Fidele'),
(94,'Wenona Jacquest'),
(95,'Norry Axford'),
(96,'Rodina Crewther'),
(97,'Benjie Morrel'),
(98,'Annelise Sales'),
(99,'Greta Buist'),
(100,'Terrijo Moxon');
/*!40000 ALTER TABLE `author` ENABLE KEYS */;
UNLOCK TABLES;

--
-- Table structure for table `book`
--

DROP TABLE IF EXISTS `book`;
/*!40101 SET @saved_cs_client     = @@character_set_client */;
/*!40101 SET character_set_client = utf8 */;
CREATE TABLE `book` (
  `titleBK` varchar(150) NOT NULL,
  `publisher` varchar(150) DEFAULT NULL,
  `ISBN` int(11) NOT NULL,
  `num_pages` int(11) NOT NULL,
  `language` varchar(50) NOT NULL,
  `summary` varchar(255) DEFAULT NULL,
  `image` varchar(255) DEFAULT NULL,
  PRIMARY KEY (`ISBN`)
) ENGINE=InnoDB DEFAULT CHARSET=utf8mb4 COLLATE=utf8mb4_general_ci;
/*!40101 SET character_set_client = @saved_cs_client */;

--
-- Dumping data for table `book`
--

LOCK TABLES `book` WRITE;
/*!40000 ALTER TABLE `book` DISABLE KEYS */;
INSERT INTO `book` VALUES
('Leap Year','Swift and Sons',100854,967,'Bislama','https://jamesclear.com/book-summaries/a-short-guide-to-a-happy-life','https://designforwriters.com/wp-content/uploads/2017/10/design-for-writers-book-cover-tf-2-a-million-to-one.jpg?fbclid=IwAR0To4DgjsBK8VuijMXH7WiTtbYO0UrDPZy0FhkIdyPVWFDPDfqD0Kc36Og'),
('Get Low','Conroy-Lemke',115886,547,'Macedonian','https://jamesclear.com/book-summaries/a-short-guide-to-a-happy-life','https://designforwriters.com/wp-content/uploads/2017/10/design-for-writers-book-cover-tf-2-a-million-to-one.jpg?fbclid=IwAR0To4DgjsBK8VuijMXH7WiTtbYO0UrDPZy0FhkIdyPVWFDPDfqD0Kc36Og'),
('Salt','Miller-Schinner',121264,393,'Assamese','https://jamesclear.com/book-summaries/a-short-guide-to-a-happy-life','https://designforwriters.com/wp-content/uploads/2017/10/design-for-writers-book-cover-tf-2-a-million-to-one.jpg?fbclid=IwAR0To4DgjsBK8VuijMXH7WiTtbYO0UrDPZy0FhkIdyPVWFDPDfqD0Kc36Og'),
('Moment of Innocence, A (Nun va Goldoon)','Stracke, Prosacco and Reichert',122982,293,'Maltese','https://jamesclear.com/book-summaries/a-short-guide-to-a-happy-life','https://designforwriters.com/wp-content/uploads/2017/10/design-for-writers-book-cover-tf-2-a-million-to-one.jpg?fbclid=IwAR0To4DgjsBK8VuijMXH7WiTtbYO0UrDPZy0FhkIdyPVWFDPDfqD0Kc36Og'),
('Chelsea Girls','Ondricka and Sons',128473,458,'Tetum','https://jamesclear.com/book-summaries/a-short-guide-to-a-happy-life','https://designforwriters.com/wp-content/uploads/2017/10/design-for-writers-book-cover-tf-2-a-million-to-one.jpg?fbclid=IwAR0To4DgjsBK8VuijMXH7WiTtbYO0UrDPZy0FhkIdyPVWFDPDfqD0Kc36Og'),
('Futuresport','Farrell Inc',129538,330,'Persian','https://jamesclear.com/book-summaries/a-short-guide-to-a-happy-life','https://designforwriters.com/wp-content/uploads/2017/10/design-for-writers-book-cover-tf-2-a-million-to-one.jpg?fbclid=IwAR0To4DgjsBK8VuijMXH7WiTtbYO0UrDPZy0FhkIdyPVWFDPDfqD0Kc36Og'),
('Way, Way Back, The','Dach-Schmidt',140269,286,'West Frisian','https://jamesclear.com/book-summaries/a-short-guide-to-a-happy-life','https://designforwriters.com/wp-content/uploads/2017/10/design-for-writers-book-cover-tf-2-a-million-to-one.jpg?fbclid=IwAR0To4DgjsBK8VuijMXH7WiTtbYO0UrDPZy0FhkIdyPVWFDPDfqD0Kc36Og'),
('It\'s a Free World...','O\'Conner Inc',148176,300,'Bengali','https://jamesclear.com/book-summaries/a-short-guide-to-a-happy-life','https://designforwriters.com/wp-content/uploads/2017/10/design-for-writers-book-cover-tf-2-a-million-to-one.jpg?fbclid=IwAR0To4DgjsBK8VuijMXH7WiTtbYO0UrDPZy0FhkIdyPVWFDPDfqD0Kc36Og'),
('Double Happiness','Casper, Schuster and Bashirian',148267,890,'Irish Gaelic','https://jamesclear.com/book-summaries/a-short-guide-to-a-happy-life','https://designforwriters.com/wp-content/uploads/2017/10/design-for-writers-book-cover-tf-2-a-million-to-one.jpg?fbclid=IwAR0To4DgjsBK8VuijMXH7WiTtbYO0UrDPZy0FhkIdyPVWFDPDfqD0Kc36Og'),
('Fate Is the Hunter','Mitchell Group',149473,660,'Amharic','https://jamesclear.com/book-summaries/a-short-guide-to-a-happy-life','https://designforwriters.com/wp-content/uploads/2017/10/design-for-writers-book-cover-tf-2-a-million-to-one.jpg?fbclid=IwAR0To4DgjsBK8VuijMXH7WiTtbYO0UrDPZy0FhkIdyPVWFDPDfqD0Kc36Og'),
('Sleepless Night (Nuit blanche)','Fritsch, Thiel and Klein',153661,318,'Montenegrin','https://jamesclear.com/book-summaries/a-short-guide-to-a-happy-life','https://designforwriters.com/wp-content/uploads/2017/10/design-for-writers-book-cover-tf-2-a-million-to-one.jpg?fbclid=IwAR0To4DgjsBK8VuijMXH7WiTtbYO0UrDPZy0FhkIdyPVWFDPDfqD0Kc36Og'),
('Great Day in Harlem, A','Farrell-Muller',155666,464,'German','https://jamesclear.com/book-summaries/a-short-guide-to-a-happy-life','https://designforwriters.com/wp-content/uploads/2017/10/design-for-writers-book-cover-tf-2-a-million-to-one.jpg?fbclid=IwAR0To4DgjsBK8VuijMXH7WiTtbYO0UrDPZy0FhkIdyPVWFDPDfqD0Kc36Og'),
('Azumi 2: Death or Love','Smitham-Metz',157855,501,'Polish','https://jamesclear.com/book-summaries/a-short-guide-to-a-happy-life','https://designforwriters.com/wp-content/uploads/2017/10/design-for-writers-book-cover-tf-2-a-million-to-one.jpg?fbclid=IwAR0To4DgjsBK8VuijMXH7WiTtbYO0UrDPZy0FhkIdyPVWFDPDfqD0Kc36Og'),
('Kaleidoscope','Dibbert Inc',159661,653,'Montenegrin','https://jamesclear.com/book-summaries/a-short-guide-to-a-happy-life','https://designforwriters.com/wp-content/uploads/2017/10/design-for-writers-book-cover-tf-2-a-million-to-one.jpg?fbclid=IwAR0To4DgjsBK8VuijMXH7WiTtbYO0UrDPZy0FhkIdyPVWFDPDfqD0Kc36Og'),
('The Questor Tapes','Doyle-Howell',169215,814,'Croatian','https://jamesclear.com/book-summaries/a-short-guide-to-a-happy-life','https://designforwriters.com/wp-content/uploads/2017/10/design-for-writers-book-cover-tf-2-a-million-to-one.jpg?fbclid=IwAR0To4DgjsBK8VuijMXH7WiTtbYO0UrDPZy0FhkIdyPVWFDPDfqD0Kc36Og'),
('The Boy Next Door','Parisian LLC',169901,752,'Luxembourgish','https://jamesclear.com/book-summaries/a-short-guide-to-a-happy-life','https://designforwriters.com/wp-content/uploads/2017/10/design-for-writers-book-cover-tf-2-a-million-to-one.jpg?fbclid=IwAR0To4DgjsBK8VuijMXH7WiTtbYO0UrDPZy0FhkIdyPVWFDPDfqD0Kc36Og'),
('Climates (Iklimler)','Bartell, Collier and Aufderhar',171915,603,'Hindi','https://jamesclear.com/book-summaries/a-short-guide-to-a-happy-life','https://designforwriters.com/wp-content/uploads/2017/10/design-for-writers-book-cover-tf-2-a-million-to-one.jpg?fbclid=IwAR0To4DgjsBK8VuijMXH7WiTtbYO0UrDPZy0FhkIdyPVWFDPDfqD0Kc36Og'),
('Session 9','Koepp, Carroll and Adams',173482,722,'Bislama','https://jamesclear.com/book-summaries/a-short-guide-to-a-happy-life','https://designforwriters.com/wp-content/uploads/2017/10/design-for-writers-book-cover-tf-2-a-million-to-one.jpg?fbclid=IwAR0To4DgjsBK8VuijMXH7WiTtbYO0UrDPZy0FhkIdyPVWFDPDfqD0Kc36Og'),
('Bodyguard, The','Fadel-Hessel',176719,946,'German','https://jamesclear.com/book-summaries/a-short-guide-to-a-happy-life','https://designforwriters.com/wp-content/uploads/2017/10/design-for-writers-book-cover-tf-2-a-million-to-one.jpg?fbclid=IwAR0To4DgjsBK8VuijMXH7WiTtbYO0UrDPZy0FhkIdyPVWFDPDfqD0Kc36Og'),
('Pursuit of the Graf Spee (Battle of the River Plate, The)','Mertz Group',179814,287,'Hebrew','https://jamesclear.com/book-summaries/a-short-guide-to-a-happy-life','https://designforwriters.com/wp-content/uploads/2017/10/design-for-writers-book-cover-tf-2-a-million-to-one.jpg?fbclid=IwAR0To4DgjsBK8VuijMXH7WiTtbYO0UrDPZy0FhkIdyPVWFDPDfqD0Kc36Og'),
('The House on 56th Street','Dach and Sons',186485,756,'Kazakh','https://jamesclear.com/book-summaries/a-short-guide-to-a-happy-life','https://designforwriters.com/wp-content/uploads/2017/10/design-for-writers-book-cover-tf-2-a-million-to-one.jpg?fbclid=IwAR0To4DgjsBK8VuijMXH7WiTtbYO0UrDPZy0FhkIdyPVWFDPDfqD0Kc36Og'),
('Rolling Family (Familia rodante)','MacGyver-Gutmann',198687,270,'Hebrew','https://jamesclear.com/book-summaries/a-short-guide-to-a-happy-life','https://designforwriters.com/wp-content/uploads/2017/10/design-for-writers-book-cover-tf-2-a-million-to-one.jpg?fbclid=IwAR0To4DgjsBK8VuijMXH7WiTtbYO0UrDPZy0FhkIdyPVWFDPDfqD0Kc36Og'),
('Sky Captain and the World of Tomorrow','Cronin-Pouros',199959,305,'Moldovan','https://jamesclear.com/book-summaries/a-short-guide-to-a-happy-life','https://designforwriters.com/wp-content/uploads/2017/10/design-for-writers-book-cover-tf-2-a-million-to-one.jpg?fbclid=IwAR0To4DgjsBK8VuijMXH7WiTtbYO0UrDPZy0FhkIdyPVWFDPDfqD0Kc36Og'),
('Trainspotting','Stokes, Koss and Weissnat',205658,128,'Belarusian','https://jamesclear.com/book-summaries/a-short-guide-to-a-happy-life','https://designforwriters.com/wp-content/uploads/2017/10/design-for-writers-book-cover-tf-2-a-million-to-one.jpg?fbclid=IwAR0To4DgjsBK8VuijMXH7WiTtbYO0UrDPZy0FhkIdyPVWFDPDfqD0Kc36Og'),
('Night Must Fall','Konopelski, Herzog and Breitenberg',209611,439,'Guaraní','https://jamesclear.com/book-summaries/a-short-guide-to-a-happy-life','https://designforwriters.com/wp-content/uploads/2017/10/design-for-writers-book-cover-tf-2-a-million-to-one.jpg?fbclid=IwAR0To4DgjsBK8VuijMXH7WiTtbYO0UrDPZy0FhkIdyPVWFDPDfqD0Kc36Og'),
('Sun Kissed','Robel LLC',227773,261,'Spanish','https://jamesclear.com/book-summaries/a-short-guide-to-a-happy-life','https://designforwriters.com/wp-content/uploads/2017/10/design-for-writers-book-cover-tf-2-a-million-to-one.jpg?fbclid=IwAR0To4DgjsBK8VuijMXH7WiTtbYO0UrDPZy0FhkIdyPVWFDPDfqD0Kc36Og'),
('Expelled','Abbott-Greenfelder',228508,640,'Estonian','https://jamesclear.com/book-summaries/a-short-guide-to-a-happy-life','https://designforwriters.com/wp-content/uploads/2017/10/design-for-writers-book-cover-tf-2-a-million-to-one.jpg?fbclid=IwAR0To4DgjsBK8VuijMXH7WiTtbYO0UrDPZy0FhkIdyPVWFDPDfqD0Kc36Og'),
('Hospital, The','Ernser-Schmitt',230658,787,'Quechua','https://jamesclear.com/book-summaries/a-short-guide-to-a-happy-life','https://designforwriters.com/wp-content/uploads/2017/10/design-for-writers-book-cover-tf-2-a-million-to-one.jpg?fbclid=IwAR0To4DgjsBK8VuijMXH7WiTtbYO0UrDPZy0FhkIdyPVWFDPDfqD0Kc36Og'),
('Cohen and Tate','Morar Inc',239582,646,'Lao','https://jamesclear.com/book-summaries/a-short-guide-to-a-happy-life','https://designforwriters.com/wp-content/uploads/2017/10/design-for-writers-book-cover-tf-2-a-million-to-one.jpg?fbclid=IwAR0To4DgjsBK8VuijMXH7WiTtbYO0UrDPZy0FhkIdyPVWFDPDfqD0Kc36Og'),
('Cotton Comes to Harlem','Watsica-Nikolaus',249731,888,'Haitian Creole','https://jamesclear.com/book-summaries/a-short-guide-to-a-happy-life','https://designforwriters.com/wp-content/uploads/2017/10/design-for-writers-book-cover-tf-2-a-million-to-one.jpg?fbclid=IwAR0To4DgjsBK8VuijMXH7WiTtbYO0UrDPZy0FhkIdyPVWFDPDfqD0Kc36Og'),
('Paradise Lost 3: Purgatory','Schneider Inc',258021,821,'Malayalam','https://jamesclear.com/book-summaries/a-short-guide-to-a-happy-life','https://designforwriters.com/wp-content/uploads/2017/10/design-for-writers-book-cover-tf-2-a-million-to-one.jpg?fbclid=IwAR0To4DgjsBK8VuijMXH7WiTtbYO0UrDPZy0FhkIdyPVWFDPDfqD0Kc36Og'),
('Summer with Monika (Sommaren med Monika)','Sauer, Langosh and Lang',263369,914,'Greek','https://jamesclear.com/book-summaries/a-short-guide-to-a-happy-life','https://designforwriters.com/wp-content/uploads/2017/10/design-for-writers-book-cover-tf-2-a-million-to-one.jpg?fbclid=IwAR0To4DgjsBK8VuijMXH7WiTtbYO0UrDPZy0FhkIdyPVWFDPDfqD0Kc36Og'),
('Trust Me','Treutel Group',264135,689,'Macedonian','https://jamesclear.com/book-summaries/a-short-guide-to-a-happy-life','https://designforwriters.com/wp-content/uploads/2017/10/design-for-writers-book-cover-tf-2-a-million-to-one.jpg?fbclid=IwAR0To4DgjsBK8VuijMXH7WiTtbYO0UrDPZy0FhkIdyPVWFDPDfqD0Kc36Og'),
('Hyde Park on Hudson','McCullough Group',268338,527,'Spanish','https://jamesclear.com/book-summaries/a-short-guide-to-a-happy-life','https://designforwriters.com/wp-content/uploads/2017/10/design-for-writers-book-cover-tf-2-a-million-to-one.jpg?fbclid=IwAR0To4DgjsBK8VuijMXH7WiTtbYO0UrDPZy0FhkIdyPVWFDPDfqD0Kc36Og'),
('Broadcast News','Vandervort, Runolfsson and Kunze',278077,130,'Kyrgyz','https://jamesclear.com/book-summaries/a-short-guide-to-a-happy-life','https://designforwriters.com/wp-content/uploads/2017/10/design-for-writers-book-cover-tf-2-a-million-to-one.jpg?fbclid=IwAR0To4DgjsBK8VuijMXH7WiTtbYO0UrDPZy0FhkIdyPVWFDPDfqD0Kc36Og'),
('Looking for Eric','Glover, Haley and Kulas',286993,712,'Sotho','https://jamesclear.com/book-summaries/a-short-guide-to-a-happy-life','https://designforwriters.com/wp-content/uploads/2017/10/design-for-writers-book-cover-tf-2-a-million-to-one.jpg?fbclid=IwAR0To4DgjsBK8VuijMXH7WiTtbYO0UrDPZy0FhkIdyPVWFDPDfqD0Kc36Og'),
('The Divine Woman','Wehner-Upton',287200,836,'Azeri','https://jamesclear.com/book-summaries/a-short-guide-to-a-happy-life','https://designforwriters.com/wp-content/uploads/2017/10/design-for-writers-book-cover-tf-2-a-million-to-one.jpg?fbclid=IwAR0To4DgjsBK8VuijMXH7WiTtbYO0UrDPZy0FhkIdyPVWFDPDfqD0Kc36Og'),
('Three Stooges Meet Hercules, The','Quitzon-Labadie',297669,732,'Irish Gaelic','https://jamesclear.com/book-summaries/a-short-guide-to-a-happy-life','https://designforwriters.com/wp-content/uploads/2017/10/design-for-writers-book-cover-tf-2-a-million-to-one.jpg?fbclid=IwAR0To4DgjsBK8VuijMXH7WiTtbYO0UrDPZy0FhkIdyPVWFDPDfqD0Kc36Og'),
('Tribulation','Gleichner LLC',301053,834,'Kazakh','https://jamesclear.com/book-summaries/a-short-guide-to-a-happy-life','https://designforwriters.com/wp-content/uploads/2017/10/design-for-writers-book-cover-tf-2-a-million-to-one.jpg?fbclid=IwAR0To4DgjsBK8VuijMXH7WiTtbYO0UrDPZy0FhkIdyPVWFDPDfqD0Kc36Og'),
('Argentina latente','Wyman, Kuphal and Gulgowski',308431,410,'Danish','https://jamesclear.com/book-summaries/a-short-guide-to-a-happy-life','https://designforwriters.com/wp-content/uploads/2017/10/design-for-writers-book-cover-tf-2-a-million-to-one.jpg?fbclid=IwAR0To4DgjsBK8VuijMXH7WiTtbYO0UrDPZy0FhkIdyPVWFDPDfqD0Kc36Og'),
('Sweeney, The','Turner, Altenwerth and Wilderman',315502,417,'Tswana','https://jamesclear.com/book-summaries/a-short-guide-to-a-happy-life','https://designforwriters.com/wp-content/uploads/2017/10/design-for-writers-book-cover-tf-2-a-million-to-one.jpg?fbclid=IwAR0To4DgjsBK8VuijMXH7WiTtbYO0UrDPZy0FhkIdyPVWFDPDfqD0Kc36Og'),
('Dangerous Liaisons','Lesch-Purdy',317695,274,'Bislama','https://jamesclear.com/book-summaries/a-short-guide-to-a-happy-life','https://designforwriters.com/wp-content/uploads/2017/10/design-for-writers-book-cover-tf-2-a-million-to-one.jpg?fbclid=IwAR0To4DgjsBK8VuijMXH7WiTtbYO0UrDPZy0FhkIdyPVWFDPDfqD0Kc36Og'),
('Keyhole','Lockman-O\'Connell',329814,852,'Thai','https://jamesclear.com/book-summaries/a-short-guide-to-a-happy-life','https://designforwriters.com/wp-content/uploads/2017/10/design-for-writers-book-cover-tf-2-a-million-to-one.jpg?fbclid=IwAR0To4DgjsBK8VuijMXH7WiTtbYO0UrDPZy0FhkIdyPVWFDPDfqD0Kc36Og'),
('Grabbers','Stehr and Sons',329848,397,'Croatian','https://jamesclear.com/book-summaries/a-short-guide-to-a-happy-life','https://designforwriters.com/wp-content/uploads/2017/10/design-for-writers-book-cover-tf-2-a-million-to-one.jpg?fbclid=IwAR0To4DgjsBK8VuijMXH7WiTtbYO0UrDPZy0FhkIdyPVWFDPDfqD0Kc36Og'),
('Brother of Sleep (Schlafes Bruder)','Daugherty-Beer',338590,805,'Punjabi','https://jamesclear.com/book-summaries/a-short-guide-to-a-happy-life','https://designforwriters.com/wp-content/uploads/2017/10/design-for-writers-book-cover-tf-2-a-million-to-one.jpg?fbclid=IwAR0To4DgjsBK8VuijMXH7WiTtbYO0UrDPZy0FhkIdyPVWFDPDfqD0Kc36Og'),
('From Hell','Paucek-Feest',343915,859,'Malayalam','https://jamesclear.com/book-summaries/a-short-guide-to-a-happy-life','https://designforwriters.com/wp-content/uploads/2017/10/design-for-writers-book-cover-tf-2-a-million-to-one.jpg?fbclid=IwAR0To4DgjsBK8VuijMXH7WiTtbYO0UrDPZy0FhkIdyPVWFDPDfqD0Kc36Og'),
('Panama Hattie','Medhurst Group',360485,367,'Czech','https://jamesclear.com/book-summaries/a-short-guide-to-a-happy-life','https://designforwriters.com/wp-content/uploads/2017/10/design-for-writers-book-cover-tf-2-a-million-to-one.jpg?fbclid=IwAR0To4DgjsBK8VuijMXH7WiTtbYO0UrDPZy0FhkIdyPVWFDPDfqD0Kc36Og'),
('Man in the Middle','Connelly Inc',366414,750,'Latvian','https://jamesclear.com/book-summaries/a-short-guide-to-a-happy-life','https://designforwriters.com/wp-content/uploads/2017/10/design-for-writers-book-cover-tf-2-a-million-to-one.jpg?fbclid=IwAR0To4DgjsBK8VuijMXH7WiTtbYO0UrDPZy0FhkIdyPVWFDPDfqD0Kc36Og'),
('39 Steps, The','Hudson Group',371067,334,'Belarusian','https://jamesclear.com/book-summaries/a-short-guide-to-a-happy-life','https://designforwriters.com/wp-content/uploads/2017/10/design-for-writers-book-cover-tf-2-a-million-to-one.jpg?fbclid=IwAR0To4DgjsBK8VuijMXH7WiTtbYO0UrDPZy0FhkIdyPVWFDPDfqD0Kc36Og'),
('Suburbia','Ferry, Langosh and Gleichner',374911,864,'Malagasy','https://jamesclear.com/book-summaries/a-short-guide-to-a-happy-life','https://designforwriters.com/wp-content/uploads/2017/10/design-for-writers-book-cover-tf-2-a-million-to-one.jpg?fbclid=IwAR0To4DgjsBK8VuijMXH7WiTtbYO0UrDPZy0FhkIdyPVWFDPDfqD0Kc36Og'),
('Glory Daze','Herzog and Sons',375109,842,'Hindi','https://jamesclear.com/book-summaries/a-short-guide-to-a-happy-life','https://designforwriters.com/wp-content/uploads/2017/10/design-for-writers-book-cover-tf-2-a-million-to-one.jpg?fbclid=IwAR0To4DgjsBK8VuijMXH7WiTtbYO0UrDPZy0FhkIdyPVWFDPDfqD0Kc36Og'),
('Footlight Parade','O\'Hara, Huels and Bosco',377520,615,'Papiamento','https://jamesclear.com/book-summaries/a-short-guide-to-a-happy-life','https://designforwriters.com/wp-content/uploads/2017/10/design-for-writers-book-cover-tf-2-a-million-to-one.jpg?fbclid=IwAR0To4DgjsBK8VuijMXH7WiTtbYO0UrDPZy0FhkIdyPVWFDPDfqD0Kc36Og'),
('Crows and Sparrows (Wuya yu maque)','Corwin and Sons',381321,229,'Portuguese','https://jamesclear.com/book-summaries/a-short-guide-to-a-happy-life','https://designforwriters.com/wp-content/uploads/2017/10/design-for-writers-book-cover-tf-2-a-million-to-one.jpg?fbclid=IwAR0To4DgjsBK8VuijMXH7WiTtbYO0UrDPZy0FhkIdyPVWFDPDfqD0Kc36Og'),
('Pursuit of the Graf Spee (Battle of the River Plate, The)','Balistreri Group',383168,977,'Māori','https://jamesclear.com/book-summaries/a-short-guide-to-a-happy-life','https://designforwriters.com/wp-content/uploads/2017/10/design-for-writers-book-cover-tf-2-a-million-to-one.jpg?fbclid=IwAR0To4DgjsBK8VuijMXH7WiTtbYO0UrDPZy0FhkIdyPVWFDPDfqD0Kc36Og'),
('Recruit, The','Schimmel-Ryan',383873,441,'Dari','https://jamesclear.com/book-summaries/a-short-guide-to-a-happy-life','https://designforwriters.com/wp-content/uploads/2017/10/design-for-writers-book-cover-tf-2-a-million-to-one.jpg?fbclid=IwAR0To4DgjsBK8VuijMXH7WiTtbYO0UrDPZy0FhkIdyPVWFDPDfqD0Kc36Og'),
('Hello! How Are You? (Buna! Ce faci?)','Towne and Sons',387140,813,'Montenegrin','https://jamesclear.com/book-summaries/a-short-guide-to-a-happy-life','https://designforwriters.com/wp-content/uploads/2017/10/design-for-writers-book-cover-tf-2-a-million-to-one.jpg?fbclid=IwAR0To4DgjsBK8VuijMXH7WiTtbYO0UrDPZy0FhkIdyPVWFDPDfqD0Kc36Og'),
('Mourning Forest, The (Mogari no mori)','Abernathy-Rippin',399523,122,'Irish Gaelic','https://jamesclear.com/book-summaries/a-short-guide-to-a-happy-life','https://designforwriters.com/wp-content/uploads/2017/10/design-for-writers-book-cover-tf-2-a-million-to-one.jpg?fbclid=IwAR0To4DgjsBK8VuijMXH7WiTtbYO0UrDPZy0FhkIdyPVWFDPDfqD0Kc36Og'),
('The Vanishing American','Hamill-Franecki',401488,558,'Hindi','https://jamesclear.com/book-summaries/a-short-guide-to-a-happy-life','https://designforwriters.com/wp-content/uploads/2017/10/design-for-writers-book-cover-tf-2-a-million-to-one.jpg?fbclid=IwAR0To4DgjsBK8VuijMXH7WiTtbYO0UrDPZy0FhkIdyPVWFDPDfqD0Kc36Og'),
('Dances Sacred and Profane','Bins-Bartell',416642,466,'Swati','https://jamesclear.com/book-summaries/a-short-guide-to-a-happy-life','https://designforwriters.com/wp-content/uploads/2017/10/design-for-writers-book-cover-tf-2-a-million-to-one.jpg?fbclid=IwAR0To4DgjsBK8VuijMXH7WiTtbYO0UrDPZy0FhkIdyPVWFDPDfqD0Kc36Og'),
('Megaforce','Thiel, Padberg and Schowalter',424813,431,'Somali','https://jamesclear.com/book-summaries/a-short-guide-to-a-happy-life','https://designforwriters.com/wp-content/uploads/2017/10/design-for-writers-book-cover-tf-2-a-million-to-one.jpg?fbclid=IwAR0To4DgjsBK8VuijMXH7WiTtbYO0UrDPZy0FhkIdyPVWFDPDfqD0Kc36Og'),
('1911 (Xinhai geming)','Rutherford, Mills and Gleason',425287,700,'English','https://jamesclear.com/book-summaries/a-short-guide-to-a-happy-life','https://designforwriters.com/wp-content/uploads/2017/10/design-for-writers-book-cover-tf-2-a-million-to-one.jpg?fbclid=IwAR0To4DgjsBK8VuijMXH7WiTtbYO0UrDPZy0FhkIdyPVWFDPDfqD0Kc36Og'),
('Sheriff and the Satellite Kid, The','Schimmel Group',429968,369,'Marathi','https://jamesclear.com/book-summaries/a-short-guide-to-a-happy-life','https://designforwriters.com/wp-content/uploads/2017/10/design-for-writers-book-cover-tf-2-a-million-to-one.jpg?fbclid=IwAR0To4DgjsBK8VuijMXH7WiTtbYO0UrDPZy0FhkIdyPVWFDPDfqD0Kc36Og'),
('Brake','Huels, Terry and Towne',433189,954,'Albanian','https://jamesclear.com/book-summaries/a-short-guide-to-a-happy-life','https://designforwriters.com/wp-content/uploads/2017/10/design-for-writers-book-cover-tf-2-a-million-to-one.jpg?fbclid=IwAR0To4DgjsBK8VuijMXH7WiTtbYO0UrDPZy0FhkIdyPVWFDPDfqD0Kc36Og'),
('Town Without Pity','Stanton, Bogisich and Gerlach',440860,786,'Guaraní','https://jamesclear.com/book-summaries/a-short-guide-to-a-happy-life','https://designforwriters.com/wp-content/uploads/2017/10/design-for-writers-book-cover-tf-2-a-million-to-one.jpg?fbclid=IwAR0To4DgjsBK8VuijMXH7WiTtbYO0UrDPZy0FhkIdyPVWFDPDfqD0Kc36Og'),
('To Be and to Have (Être et avoir)','Tromp Group',442942,396,'Amharic','https://jamesclear.com/book-summaries/a-short-guide-to-a-happy-life','https://designforwriters.com/wp-content/uploads/2017/10/design-for-writers-book-cover-tf-2-a-million-to-one.jpg?fbclid=IwAR0To4DgjsBK8VuijMXH7WiTtbYO0UrDPZy0FhkIdyPVWFDPDfqD0Kc36Og'),
('Appointment with Danger','Denesik Group',445702,613,'Tamil','https://jamesclear.com/book-summaries/a-short-guide-to-a-happy-life','https://designforwriters.com/wp-content/uploads/2017/10/design-for-writers-book-cover-tf-2-a-million-to-one.jpg?fbclid=IwAR0To4DgjsBK8VuijMXH7WiTtbYO0UrDPZy0FhkIdyPVWFDPDfqD0Kc36Og'),
('Hysteria: The Def Leppard Story','Kutch Group',449129,147,'Filipino','https://jamesclear.com/book-summaries/a-short-guide-to-a-happy-life','https://designforwriters.com/wp-content/uploads/2017/10/design-for-writers-book-cover-tf-2-a-million-to-one.jpg?fbclid=IwAR0To4DgjsBK8VuijMXH7WiTtbYO0UrDPZy0FhkIdyPVWFDPDfqD0Kc36Og'),
('Three Worlds (Trois mondes)','Lemke, Romaguera and Hermiston',467145,434,'Telugu','https://jamesclear.com/book-summaries/a-short-guide-to-a-happy-life','https://designforwriters.com/wp-content/uploads/2017/10/design-for-writers-book-cover-tf-2-a-million-to-one.jpg?fbclid=IwAR0To4DgjsBK8VuijMXH7WiTtbYO0UrDPZy0FhkIdyPVWFDPDfqD0Kc36Og'),
('Aelita: The Queen of Mars (Aelita)','Morissette, Cummerata and Aufderhar',468525,321,'Tajik','https://jamesclear.com/book-summaries/a-short-guide-to-a-happy-life','https://designforwriters.com/wp-content/uploads/2017/10/design-for-writers-book-cover-tf-2-a-million-to-one.jpg?fbclid=IwAR0To4DgjsBK8VuijMXH7WiTtbYO0UrDPZy0FhkIdyPVWFDPDfqD0Kc36Og'),
('Russian Ark (Russkiy Kovcheg)','Jaskolski-Robel',470576,182,'Greek','https://jamesclear.com/book-summaries/a-short-guide-to-a-happy-life','https://designforwriters.com/wp-content/uploads/2017/10/design-for-writers-book-cover-tf-2-a-million-to-one.jpg?fbclid=IwAR0To4DgjsBK8VuijMXH7WiTtbYO0UrDPZy0FhkIdyPVWFDPDfqD0Kc36Og'),
('8 Heads in a Duffel Bag','Rippin, Bartoletti and Stehr',474912,989,'Zulu','https://jamesclear.com/book-summaries/a-short-guide-to-a-happy-life','https://designforwriters.com/wp-content/uploads/2017/10/design-for-writers-book-cover-tf-2-a-million-to-one.jpg?fbclid=IwAR0To4DgjsBK8VuijMXH7WiTtbYO0UrDPZy0FhkIdyPVWFDPDfqD0Kc36Og'),
('History of the Eagles','Harvey, Monahan and Kautzer',475981,136,'Lao','https://jamesclear.com/book-summaries/a-short-guide-to-a-happy-life','https://designforwriters.com/wp-content/uploads/2017/10/design-for-writers-book-cover-tf-2-a-million-to-one.jpg?fbclid=IwAR0To4DgjsBK8VuijMXH7WiTtbYO0UrDPZy0FhkIdyPVWFDPDfqD0Kc36Og'),
('Encore','Keebler Group',476195,470,'Portuguese','https://jamesclear.com/book-summaries/a-short-guide-to-a-happy-life','https://designforwriters.com/wp-content/uploads/2017/10/design-for-writers-book-cover-tf-2-a-million-to-one.jpg?fbclid=IwAR0To4DgjsBK8VuijMXH7WiTtbYO0UrDPZy0FhkIdyPVWFDPDfqD0Kc36Og'),
('The Fourth War','Heaney Inc',479884,696,'Sotho','https://jamesclear.com/book-summaries/a-short-guide-to-a-happy-life','https://designforwriters.com/wp-content/uploads/2017/10/design-for-writers-book-cover-tf-2-a-million-to-one.jpg?fbclid=IwAR0To4DgjsBK8VuijMXH7WiTtbYO0UrDPZy0FhkIdyPVWFDPDfqD0Kc36Og'),
('Last American Hero, The','Kerluke Group',483476,846,'Armenian','https://jamesclear.com/book-summaries/a-short-guide-to-a-happy-life','https://designforwriters.com/wp-content/uploads/2017/10/design-for-writers-book-cover-tf-2-a-million-to-one.jpg?fbclid=IwAR0To4DgjsBK8VuijMXH7WiTtbYO0UrDPZy0FhkIdyPVWFDPDfqD0Kc36Og'),
('Paradise','Heidenreich and Sons',485774,602,'Macedonian','https://jamesclear.com/book-summaries/a-short-guide-to-a-happy-life','https://designforwriters.com/wp-content/uploads/2017/10/design-for-writers-book-cover-tf-2-a-million-to-one.jpg?fbclid=IwAR0To4DgjsBK8VuijMXH7WiTtbYO0UrDPZy0FhkIdyPVWFDPDfqD0Kc36Og'),
('Free Men (Les hommes libres)','Balistreri-Blanda',489776,463,'Yiddish','https://jamesclear.com/book-summaries/a-short-guide-to-a-happy-life','https://designforwriters.com/wp-content/uploads/2017/10/design-for-writers-book-cover-tf-2-a-million-to-one.jpg?fbclid=IwAR0To4DgjsBK8VuijMXH7WiTtbYO0UrDPZy0FhkIdyPVWFDPDfqD0Kc36Og'),
('Red Sonja','Doyle and Sons',501994,321,'Lithuanian','https://jamesclear.com/book-summaries/a-short-guide-to-a-happy-life','https://designforwriters.com/wp-content/uploads/2017/10/design-for-writers-book-cover-tf-2-a-million-to-one.jpg?fbclid=IwAR0To4DgjsBK8VuijMXH7WiTtbYO0UrDPZy0FhkIdyPVWFDPDfqD0Kc36Og'),
('Einstein and Eddington','Stamm, Walsh and Moore',513080,838,'Hindi','https://jamesclear.com/book-summaries/a-short-guide-to-a-happy-life','https://designforwriters.com/wp-content/uploads/2017/10/design-for-writers-book-cover-tf-2-a-million-to-one.jpg?fbclid=IwAR0To4DgjsBK8VuijMXH7WiTtbYO0UrDPZy0FhkIdyPVWFDPDfqD0Kc36Og'),
('Sheriff and the Satellite Kid, The','Ankunding Group',526859,467,'Afrikaans','https://jamesclear.com/book-summaries/a-short-guide-to-a-happy-life','https://designforwriters.com/wp-content/uploads/2017/10/design-for-writers-book-cover-tf-2-a-million-to-one.jpg?fbclid=IwAR0To4DgjsBK8VuijMXH7WiTtbYO0UrDPZy0FhkIdyPVWFDPDfqD0Kc36Og'),
('Girl From Paris, A (hirondelle a fait le printemps, Une)','Harris-Morissette',530126,690,'Georgian','https://jamesclear.com/book-summaries/a-short-guide-to-a-happy-life','https://designforwriters.com/wp-content/uploads/2017/10/design-for-writers-book-cover-tf-2-a-million-to-one.jpg?fbclid=IwAR0To4DgjsBK8VuijMXH7WiTtbYO0UrDPZy0FhkIdyPVWFDPDfqD0Kc36Og'),
('Peep World','Lowe, Shanahan and Gislason',535998,386,'Kazakh','https://jamesclear.com/book-summaries/a-short-guide-to-a-happy-life','https://designforwriters.com/wp-content/uploads/2017/10/design-for-writers-book-cover-tf-2-a-million-to-one.jpg?fbclid=IwAR0To4DgjsBK8VuijMXH7WiTtbYO0UrDPZy0FhkIdyPVWFDPDfqD0Kc36Og'),
('Boat That Rocked, The (a.k.a. Pirate Radio)','Wolf and Sons',537407,448,'Tajik','https://jamesclear.com/book-summaries/a-short-guide-to-a-happy-life','https://designforwriters.com/wp-content/uploads/2017/10/design-for-writers-book-cover-tf-2-a-million-to-one.jpg?fbclid=IwAR0To4DgjsBK8VuijMXH7WiTtbYO0UrDPZy0FhkIdyPVWFDPDfqD0Kc36Og'),
('Stille nacht','Steuber, Roberts and Kirlin',546658,511,'Estonian','https://jamesclear.com/book-summaries/a-short-guide-to-a-happy-life','https://designforwriters.com/wp-content/uploads/2017/10/design-for-writers-book-cover-tf-2-a-million-to-one.jpg?fbclid=IwAR0To4DgjsBK8VuijMXH7WiTtbYO0UrDPZy0FhkIdyPVWFDPDfqD0Kc36Og'),
('Decade Under the Influence, A','Cruickshank-Hilpert',556189,631,'Belarusian','https://jamesclear.com/book-summaries/a-short-guide-to-a-happy-life','https://designforwriters.com/wp-content/uploads/2017/10/design-for-writers-book-cover-tf-2-a-million-to-one.jpg?fbclid=IwAR0To4DgjsBK8VuijMXH7WiTtbYO0UrDPZy0FhkIdyPVWFDPDfqD0Kc36Og'),
('Geographer Drank His Globe Away, The (Geograf globus propil)','Padberg LLC',557402,471,'Swahili','https://jamesclear.com/book-summaries/a-short-guide-to-a-happy-life','https://designforwriters.com/wp-content/uploads/2017/10/design-for-writers-book-cover-tf-2-a-million-to-one.jpg?fbclid=IwAR0To4DgjsBK8VuijMXH7WiTtbYO0UrDPZy0FhkIdyPVWFDPDfqD0Kc36Og'),
('Evangelion: 3.0 You Can (Not) Redo','Marvin, Yost and VonRueden',567103,850,'Tok Pisin','https://jamesclear.com/book-summaries/a-short-guide-to-a-happy-life','https://designforwriters.com/wp-content/uploads/2017/10/design-for-writers-book-cover-tf-2-a-million-to-one.jpg?fbclid=IwAR0To4DgjsBK8VuijMXH7WiTtbYO0UrDPZy0FhkIdyPVWFDPDfqD0Kc36Og'),
('Repossessed','Predovic-Wehner',567400,797,'Mongolian','https://jamesclear.com/book-summaries/a-short-guide-to-a-happy-life','https://designforwriters.com/wp-content/uploads/2017/10/design-for-writers-book-cover-tf-2-a-million-to-one.jpg?fbclid=IwAR0To4DgjsBK8VuijMXH7WiTtbYO0UrDPZy0FhkIdyPVWFDPDfqD0Kc36Og'),
('Music of the Heart','Klocko, Rau and Casper',591808,103,'Tok Pisin','https://jamesclear.com/book-summaries/a-short-guide-to-a-happy-life','https://designforwriters.com/wp-content/uploads/2017/10/design-for-writers-book-cover-tf-2-a-million-to-one.jpg?fbclid=IwAR0To4DgjsBK8VuijMXH7WiTtbYO0UrDPZy0FhkIdyPVWFDPDfqD0Kc36Og'),
('Starred Up','Romaguera-Roberts',593330,509,'Nepali','https://jamesclear.com/book-summaries/a-short-guide-to-a-happy-life','https://designforwriters.com/wp-content/uploads/2017/10/design-for-writers-book-cover-tf-2-a-million-to-one.jpg?fbclid=IwAR0To4DgjsBK8VuijMXH7WiTtbYO0UrDPZy0FhkIdyPVWFDPDfqD0Kc36Og'),
('Jupiter\'s Wife','Larkin-Schroeder',598594,834,'Swahili','https://jamesclear.com/book-summaries/a-short-guide-to-a-happy-life','https://designforwriters.com/wp-content/uploads/2017/10/design-for-writers-book-cover-tf-2-a-million-to-one.jpg?fbclid=IwAR0To4DgjsBK8VuijMXH7WiTtbYO0UrDPZy0FhkIdyPVWFDPDfqD0Kc36Og'),
('Hunted, The','Bernhard-Schaden',599969,340,'Hebrew','https://jamesclear.com/book-summaries/a-short-guide-to-a-happy-life','https://designforwriters.com/wp-content/uploads/2017/10/design-for-writers-book-cover-tf-2-a-million-to-one.jpg?fbclid=IwAR0To4DgjsBK8VuijMXH7WiTtbYO0UrDPZy0FhkIdyPVWFDPDfqD0Kc36Og'),
('American Strays','Brekke, Bosco and Wiza',607296,408,'Lao','https://jamesclear.com/book-summaries/a-short-guide-to-a-happy-life','https://designforwriters.com/wp-content/uploads/2017/10/design-for-writers-book-cover-tf-2-a-million-to-one.jpg?fbclid=IwAR0To4DgjsBK8VuijMXH7WiTtbYO0UrDPZy0FhkIdyPVWFDPDfqD0Kc36Og'),
('Masterminds','Schultz-Daniel',615588,227,'Swedish','https://jamesclear.com/book-summaries/a-short-guide-to-a-happy-life','https://designforwriters.com/wp-content/uploads/2017/10/design-for-writers-book-cover-tf-2-a-million-to-one.jpg?fbclid=IwAR0To4DgjsBK8VuijMXH7WiTtbYO0UrDPZy0FhkIdyPVWFDPDfqD0Kc36Og'),
('Tiptoes','Lynch Inc',623010,198,'Lao','https://jamesclear.com/book-summaries/a-short-guide-to-a-happy-life','https://designforwriters.com/wp-content/uploads/2017/10/design-for-writers-book-cover-tf-2-a-million-to-one.jpg?fbclid=IwAR0To4DgjsBK8VuijMXH7WiTtbYO0UrDPZy0FhkIdyPVWFDPDfqD0Kc36Og'),
('Sam Peckinpah\'s West: Legacy of a Hollywood Renegade','Nader, Kihn and Kuhlman',627812,186,'French','https://jamesclear.com/book-summaries/a-short-guide-to-a-happy-life','https://designforwriters.com/wp-content/uploads/2017/10/design-for-writers-book-cover-tf-2-a-million-to-one.jpg?fbclid=IwAR0To4DgjsBK8VuijMXH7WiTtbYO0UrDPZy0FhkIdyPVWFDPDfqD0Kc36Og'),
('Onechanbara - Zombie Bikini Squad (a.k.a. Oneechanbara: The Movie)','O\'Conner, Marvin and Hoppe',635068,529,'Marathi','https://jamesclear.com/book-summaries/a-short-guide-to-a-happy-life','https://designforwriters.com/wp-content/uploads/2017/10/design-for-writers-book-cover-tf-2-a-million-to-one.jpg?fbclid=IwAR0To4DgjsBK8VuijMXH7WiTtbYO0UrDPZy0FhkIdyPVWFDPDfqD0Kc36Og'),
('Johnny English Reborn','Stokes Inc',635150,212,'Greek','https://jamesclear.com/book-summaries/a-short-guide-to-a-happy-life','https://designforwriters.com/wp-content/uploads/2017/10/design-for-writers-book-cover-tf-2-a-million-to-one.jpg?fbclid=IwAR0To4DgjsBK8VuijMXH7WiTtbYO0UrDPZy0FhkIdyPVWFDPDfqD0Kc36Og'),
('Shall We Dance?','Boyle-Hilll',643843,554,'Georgian','https://jamesclear.com/book-summaries/a-short-guide-to-a-happy-life','https://designforwriters.com/wp-content/uploads/2017/10/design-for-writers-book-cover-tf-2-a-million-to-one.jpg?fbclid=IwAR0To4DgjsBK8VuijMXH7WiTtbYO0UrDPZy0FhkIdyPVWFDPDfqD0Kc36Og'),
('Rent: Filmed Live on Broadway','Rath, Harris and Kulas',646271,494,'Afrikaans','https://jamesclear.com/book-summaries/a-short-guide-to-a-happy-life','https://designforwriters.com/wp-content/uploads/2017/10/design-for-writers-book-cover-tf-2-a-million-to-one.jpg?fbclid=IwAR0To4DgjsBK8VuijMXH7WiTtbYO0UrDPZy0FhkIdyPVWFDPDfqD0Kc36Og'),
('Strangers with Candy','Toy, Thiel and Wolf',646694,504,'Yiddish','https://jamesclear.com/book-summaries/a-short-guide-to-a-happy-life','https://designforwriters.com/wp-content/uploads/2017/10/design-for-writers-book-cover-tf-2-a-million-to-one.jpg?fbclid=IwAR0To4DgjsBK8VuijMXH7WiTtbYO0UrDPZy0FhkIdyPVWFDPDfqD0Kc36Og'),
('Leopard Man, The','Connelly, Muller and Renner',656574,696,'Bislama','https://jamesclear.com/book-summaries/a-short-guide-to-a-happy-life','https://designforwriters.com/wp-content/uploads/2017/10/design-for-writers-book-cover-tf-2-a-million-to-one.jpg?fbclid=IwAR0To4DgjsBK8VuijMXH7WiTtbYO0UrDPZy0FhkIdyPVWFDPDfqD0Kc36Og'),
('Monkey\'s Teeth (Dents du singe, Les)','Wiegand, Gulgowski and Lehner',657488,977,'Hungarian','https://jamesclear.com/book-summaries/a-short-guide-to-a-happy-life','https://designforwriters.com/wp-content/uploads/2017/10/design-for-writers-book-cover-tf-2-a-million-to-one.jpg?fbclid=IwAR0To4DgjsBK8VuijMXH7WiTtbYO0UrDPZy0FhkIdyPVWFDPDfqD0Kc36Og'),
('Momma\'s Man','Lubowitz, Dare and Will',657610,739,'Greek','https://jamesclear.com/book-summaries/a-short-guide-to-a-happy-life','https://designforwriters.com/wp-content/uploads/2017/10/design-for-writers-book-cover-tf-2-a-million-to-one.jpg?fbclid=IwAR0To4DgjsBK8VuijMXH7WiTtbYO0UrDPZy0FhkIdyPVWFDPDfqD0Kc36Og'),
('Pepe','Rempel LLC',662370,674,'Gagauz','https://jamesclear.com/book-summaries/a-short-guide-to-a-happy-life','https://designforwriters.com/wp-content/uploads/2017/10/design-for-writers-book-cover-tf-2-a-million-to-one.jpg?fbclid=IwAR0To4DgjsBK8VuijMXH7WiTtbYO0UrDPZy0FhkIdyPVWFDPDfqD0Kc36Og'),
('Night Terrors','Mayert and Sons',674585,691,'Gujarati','https://jamesclear.com/book-summaries/a-short-guide-to-a-happy-life','https://designforwriters.com/wp-content/uploads/2017/10/design-for-writers-book-cover-tf-2-a-million-to-one.jpg?fbclid=IwAR0To4DgjsBK8VuijMXH7WiTtbYO0UrDPZy0FhkIdyPVWFDPDfqD0Kc36Og'),
('Pal Joey','Kshlerin, Lowe and Hintz',676649,408,'Romanian','https://jamesclear.com/book-summaries/a-short-guide-to-a-happy-life','https://designforwriters.com/wp-content/uploads/2017/10/design-for-writers-book-cover-tf-2-a-million-to-one.jpg?fbclid=IwAR0To4DgjsBK8VuijMXH7WiTtbYO0UrDPZy0FhkIdyPVWFDPDfqD0Kc36Og'),
('Secret Policeman\'s Other Ball, The','Padberg, Schimmel and Bode',685931,943,'Japanese','https://jamesclear.com/book-summaries/a-short-guide-to-a-happy-life','https://designforwriters.com/wp-content/uploads/2017/10/design-for-writers-book-cover-tf-2-a-million-to-one.jpg?fbclid=IwAR0To4DgjsBK8VuijMXH7WiTtbYO0UrDPZy0FhkIdyPVWFDPDfqD0Kc36Og'),
('AVPR: Aliens vs. Predator - Requiem','Carroll and Sons',686329,586,'Czech','https://jamesclear.com/book-summaries/a-short-guide-to-a-happy-life','https://designforwriters.com/wp-content/uploads/2017/10/design-for-writers-book-cover-tf-2-a-million-to-one.jpg?fbclid=IwAR0To4DgjsBK8VuijMXH7WiTtbYO0UrDPZy0FhkIdyPVWFDPDfqD0Kc36Og'),
('Star Trek','Rutherford, Hills and Erdman',688324,370,'Dzongkha','https://jamesclear.com/book-summaries/a-short-guide-to-a-happy-life','https://designforwriters.com/wp-content/uploads/2017/10/design-for-writers-book-cover-tf-2-a-million-to-one.jpg?fbclid=IwAR0To4DgjsBK8VuijMXH7WiTtbYO0UrDPZy0FhkIdyPVWFDPDfqD0Kc36Og'),
('Prison Break: The Final Break','Feest-Farrell',688863,580,'Portuguese','https://jamesclear.com/book-summaries/a-short-guide-to-a-happy-life','https://designforwriters.com/wp-content/uploads/2017/10/design-for-writers-book-cover-tf-2-a-million-to-one.jpg?fbclid=IwAR0To4DgjsBK8VuijMXH7WiTtbYO0UrDPZy0FhkIdyPVWFDPDfqD0Kc36Og'),
('Sister Helen ','Herman-Stokes',692342,958,'Montenegrin','https://jamesclear.com/book-summaries/a-short-guide-to-a-happy-life','https://designforwriters.com/wp-content/uploads/2017/10/design-for-writers-book-cover-tf-2-a-million-to-one.jpg?fbclid=IwAR0To4DgjsBK8VuijMXH7WiTtbYO0UrDPZy0FhkIdyPVWFDPDfqD0Kc36Og'),
('Attack of the Mushroom People (Matango)','Kshlerin and Sons',698543,923,'Korean','https://jamesclear.com/book-summaries/a-short-guide-to-a-happy-life','https://designforwriters.com/wp-content/uploads/2017/10/design-for-writers-book-cover-tf-2-a-million-to-one.jpg?fbclid=IwAR0To4DgjsBK8VuijMXH7WiTtbYO0UrDPZy0FhkIdyPVWFDPDfqD0Kc36Og'),
('Toothless','Parisian-Kuvalis',702460,688,'Kashmiri','https://jamesclear.com/book-summaries/a-short-guide-to-a-happy-life','https://designforwriters.com/wp-content/uploads/2017/10/design-for-writers-book-cover-tf-2-a-million-to-one.jpg?fbclid=IwAR0To4DgjsBK8VuijMXH7WiTtbYO0UrDPZy0FhkIdyPVWFDPDfqD0Kc36Og'),
('Such a Long Journey','Blick-Deckow',706721,344,'Estonian','https://jamesclear.com/book-summaries/a-short-guide-to-a-happy-life','https://designforwriters.com/wp-content/uploads/2017/10/design-for-writers-book-cover-tf-2-a-million-to-one.jpg?fbclid=IwAR0To4DgjsBK8VuijMXH7WiTtbYO0UrDPZy0FhkIdyPVWFDPDfqD0Kc36Og'),
('Hot Rock, The','Ward-Shields',714990,877,'Oriya','https://jamesclear.com/book-summaries/a-short-guide-to-a-happy-life','https://designforwriters.com/wp-content/uploads/2017/10/design-for-writers-book-cover-tf-2-a-million-to-one.jpg?fbclid=IwAR0To4DgjsBK8VuijMXH7WiTtbYO0UrDPZy0FhkIdyPVWFDPDfqD0Kc36Og'),
('Little Fauss and Big Halsy','Bashirian LLC',719997,696,'Italian','https://jamesclear.com/book-summaries/a-short-guide-to-a-happy-life','https://designforwriters.com/wp-content/uploads/2017/10/design-for-writers-book-cover-tf-2-a-million-to-one.jpg?fbclid=IwAR0To4DgjsBK8VuijMXH7WiTtbYO0UrDPZy0FhkIdyPVWFDPDfqD0Kc36Og'),
('Holy Man','Muller Group',721851,265,'Lao','https://jamesclear.com/book-summaries/a-short-guide-to-a-happy-life','https://designforwriters.com/wp-content/uploads/2017/10/design-for-writers-book-cover-tf-2-a-million-to-one.jpg?fbclid=IwAR0To4DgjsBK8VuijMXH7WiTtbYO0UrDPZy0FhkIdyPVWFDPDfqD0Kc36Og'),
('Big Eyes','Pfannerstill-Abshire',725426,332,'Punjabi','https://jamesclear.com/book-summaries/a-short-guide-to-a-happy-life','https://designforwriters.com/wp-content/uploads/2017/10/design-for-writers-book-cover-tf-2-a-million-to-one.jpg?fbclid=IwAR0To4DgjsBK8VuijMXH7WiTtbYO0UrDPZy0FhkIdyPVWFDPDfqD0Kc36Og'),
('The Girls','Miller-Nikolaus',726650,620,'Persian','https://jamesclear.com/book-summaries/a-short-guide-to-a-happy-life','https://designforwriters.com/wp-content/uploads/2017/10/design-for-writers-book-cover-tf-2-a-million-to-one.jpg?fbclid=IwAR0To4DgjsBK8VuijMXH7WiTtbYO0UrDPZy0FhkIdyPVWFDPDfqD0Kc36Og'),
('Look','Heaney, Rosenbaum and Volkman',733662,177,'Lithuanian','https://jamesclear.com/book-summaries/a-short-guide-to-a-happy-life','https://designforwriters.com/wp-content/uploads/2017/10/design-for-writers-book-cover-tf-2-a-million-to-one.jpg?fbclid=IwAR0To4DgjsBK8VuijMXH7WiTtbYO0UrDPZy0FhkIdyPVWFDPDfqD0Kc36Og'),
('Crow, The','Gleason, Kub and Wyman',743901,196,'Maltese','https://jamesclear.com/book-summaries/a-short-guide-to-a-happy-life','https://designforwriters.com/wp-content/uploads/2017/10/design-for-writers-book-cover-tf-2-a-million-to-one.jpg?fbclid=IwAR0To4DgjsBK8VuijMXH7WiTtbYO0UrDPZy0FhkIdyPVWFDPDfqD0Kc36Og'),
('Adelheid','Jast, Kemmer and O\'Reilly',744770,284,'Somali','https://jamesclear.com/book-summaries/a-short-guide-to-a-happy-life','https://designforwriters.com/wp-content/uploads/2017/10/design-for-writers-book-cover-tf-2-a-million-to-one.jpg?fbclid=IwAR0To4DgjsBK8VuijMXH7WiTtbYO0UrDPZy0FhkIdyPVWFDPDfqD0Kc36Og'),
('Lucky Break (a.k.a. Paperback Romance)','Russel LLC',751484,159,'Swahili','https://jamesclear.com/book-summaries/a-short-guide-to-a-happy-life','https://designforwriters.com/wp-content/uploads/2017/10/design-for-writers-book-cover-tf-2-a-million-to-one.jpg?fbclid=IwAR0To4DgjsBK8VuijMXH7WiTtbYO0UrDPZy0FhkIdyPVWFDPDfqD0Kc36Og'),
('Little Bit of Heaven, A','O\'Conner, Beier and Marvin',753573,770,'Lithuanian','https://jamesclear.com/book-summaries/a-short-guide-to-a-happy-life','https://designforwriters.com/wp-content/uploads/2017/10/design-for-writers-book-cover-tf-2-a-million-to-one.jpg?fbclid=IwAR0To4DgjsBK8VuijMXH7WiTtbYO0UrDPZy0FhkIdyPVWFDPDfqD0Kc36Og'),
('Atlantis: The Lost Empire','Morissette-Turcotte',757767,500,'Lithuanian','https://jamesclear.com/book-summaries/a-short-guide-to-a-happy-life','https://designforwriters.com/wp-content/uploads/2017/10/design-for-writers-book-cover-tf-2-a-million-to-one.jpg?fbclid=IwAR0To4DgjsBK8VuijMXH7WiTtbYO0UrDPZy0FhkIdyPVWFDPDfqD0Kc36Og'),
('Bucket Of Blood, A','White LLC',757854,684,'Albanian','https://jamesclear.com/book-summaries/a-short-guide-to-a-happy-life','https://designforwriters.com/wp-content/uploads/2017/10/design-for-writers-book-cover-tf-2-a-million-to-one.jpg?fbclid=IwAR0To4DgjsBK8VuijMXH7WiTtbYO0UrDPZy0FhkIdyPVWFDPDfqD0Kc36Og'),
('Border Run (Mule, The)','Sawayn-Grimes',764289,363,'Yiddish','https://jamesclear.com/book-summaries/a-short-guide-to-a-happy-life','https://designforwriters.com/wp-content/uploads/2017/10/design-for-writers-book-cover-tf-2-a-million-to-one.jpg?fbclid=IwAR0To4DgjsBK8VuijMXH7WiTtbYO0UrDPZy0FhkIdyPVWFDPDfqD0Kc36Og'),
('Beneath','Bailey-Jerde',766347,253,'Gujarati','https://jamesclear.com/book-summaries/a-short-guide-to-a-happy-life','https://designforwriters.com/wp-content/uploads/2017/10/design-for-writers-book-cover-tf-2-a-million-to-one.jpg?fbclid=IwAR0To4DgjsBK8VuijMXH7WiTtbYO0UrDPZy0FhkIdyPVWFDPDfqD0Kc36Og'),
('Dames du Bois de Boulogne, Les (Ladies of the Bois de Boulogne, The) (Ladies of the Park)','Bartoletti-Cole',766373,715,'Croatian','https://jamesclear.com/book-summaries/a-short-guide-to-a-happy-life','https://designforwriters.com/wp-content/uploads/2017/10/design-for-writers-book-cover-tf-2-a-million-to-one.jpg?fbclid=IwAR0To4DgjsBK8VuijMXH7WiTtbYO0UrDPZy0FhkIdyPVWFDPDfqD0Kc36Og'),
('Odd Life of Timothy Green, The','Koepp-Batz',767536,827,'Tajik','https://jamesclear.com/book-summaries/a-short-guide-to-a-happy-life','https://designforwriters.com/wp-content/uploads/2017/10/design-for-writers-book-cover-tf-2-a-million-to-one.jpg?fbclid=IwAR0To4DgjsBK8VuijMXH7WiTtbYO0UrDPZy0FhkIdyPVWFDPDfqD0Kc36Og'),
('Diary of a Wimpy Kid: Rodrick Rules','O\'Connell, West and Kuhn',787724,945,'Persian','https://jamesclear.com/book-summaries/a-short-guide-to-a-happy-life','https://designforwriters.com/wp-content/uploads/2017/10/design-for-writers-book-cover-tf-2-a-million-to-one.jpg?fbclid=IwAR0To4DgjsBK8VuijMXH7WiTtbYO0UrDPZy0FhkIdyPVWFDPDfqD0Kc36Og'),
('Diario de un skin','Breitenberg LLC',791353,292,'Oriya','https://jamesclear.com/book-summaries/a-short-guide-to-a-happy-life','https://designforwriters.com/wp-content/uploads/2017/10/design-for-writers-book-cover-tf-2-a-million-to-one.jpg?fbclid=IwAR0To4DgjsBK8VuijMXH7WiTtbYO0UrDPZy0FhkIdyPVWFDPDfqD0Kc36Og'),
('Myriad of Lights (Lights of Ten Thousand Homes, The) (Wanjia denghuo)','Adams LLC',803564,103,'Fijian','https://jamesclear.com/book-summaries/a-short-guide-to-a-happy-life','https://designforwriters.com/wp-content/uploads/2017/10/design-for-writers-book-cover-tf-2-a-million-to-one.jpg?fbclid=IwAR0To4DgjsBK8VuijMXH7WiTtbYO0UrDPZy0FhkIdyPVWFDPDfqD0Kc36Og'),
('Something to Sing About','Willms, Ernser and Beer',807137,435,'Haitian Creole','https://jamesclear.com/book-summaries/a-short-guide-to-a-happy-life','https://designforwriters.com/wp-content/uploads/2017/10/design-for-writers-book-cover-tf-2-a-million-to-one.jpg?fbclid=IwAR0To4DgjsBK8VuijMXH7WiTtbYO0UrDPZy0FhkIdyPVWFDPDfqD0Kc36Og'),
('Whatever Works','Bashirian, Williamson and Rolfson',807730,848,'Montenegrin','https://jamesclear.com/book-summaries/a-short-guide-to-a-happy-life','https://designforwriters.com/wp-content/uploads/2017/10/design-for-writers-book-cover-tf-2-a-million-to-one.jpg?fbclid=IwAR0To4DgjsBK8VuijMXH7WiTtbYO0UrDPZy0FhkIdyPVWFDPDfqD0Kc36Og'),
('Hunger','Gleichner-Murray',808396,985,'Luxembourgish','https://jamesclear.com/book-summaries/a-short-guide-to-a-happy-life','https://designforwriters.com/wp-content/uploads/2017/10/design-for-writers-book-cover-tf-2-a-million-to-one.jpg?fbclid=IwAR0To4DgjsBK8VuijMXH7WiTtbYO0UrDPZy0FhkIdyPVWFDPDfqD0Kc36Og'),
('Fast and the Furious, The','Swift-Okuneva',818687,135,'Luxembourgish','https://jamesclear.com/book-summaries/a-short-guide-to-a-happy-life','https://designforwriters.com/wp-content/uploads/2017/10/design-for-writers-book-cover-tf-2-a-million-to-one.jpg?fbclid=IwAR0To4DgjsBK8VuijMXH7WiTtbYO0UrDPZy0FhkIdyPVWFDPDfqD0Kc36Og'),
('Adventures of Elmo in Grouchland, The','Hudson, Hessel and Mante',821130,911,'Gujarati','https://jamesclear.com/book-summaries/a-short-guide-to-a-happy-life','https://designforwriters.com/wp-content/uploads/2017/10/design-for-writers-book-cover-tf-2-a-million-to-one.jpg?fbclid=IwAR0To4DgjsBK8VuijMXH7WiTtbYO0UrDPZy0FhkIdyPVWFDPDfqD0Kc36Og'),
('Interview with a Hitman','Wunsch-Stanton',841418,463,'Bengali','https://jamesclear.com/book-summaries/a-short-guide-to-a-happy-life','https://designforwriters.com/wp-content/uploads/2017/10/design-for-writers-book-cover-tf-2-a-million-to-one.jpg?fbclid=IwAR0To4DgjsBK8VuijMXH7WiTtbYO0UrDPZy0FhkIdyPVWFDPDfqD0Kc36Og'),
('Open Season','Hodkiewicz-Christiansen',849988,973,'Fijian','https://jamesclear.com/book-summaries/a-short-guide-to-a-happy-life','https://designforwriters.com/wp-content/uploads/2017/10/design-for-writers-book-cover-tf-2-a-million-to-one.jpg?fbclid=IwAR0To4DgjsBK8VuijMXH7WiTtbYO0UrDPZy0FhkIdyPVWFDPDfqD0Kc36Og'),
('Safety of Objects, The','Mann-Hahn',866287,172,'English','https://jamesclear.com/book-summaries/a-short-guide-to-a-happy-life','https://designforwriters.com/wp-content/uploads/2017/10/design-for-writers-book-cover-tf-2-a-million-to-one.jpg?fbclid=IwAR0To4DgjsBK8VuijMXH7WiTtbYO0UrDPZy0FhkIdyPVWFDPDfqD0Kc36Og'),
('Summit, The','Stehr-Crooks',871515,980,'Spanish','https://jamesclear.com/book-summaries/a-short-guide-to-a-happy-life','https://designforwriters.com/wp-content/uploads/2017/10/design-for-writers-book-cover-tf-2-a-million-to-one.jpg?fbclid=IwAR0To4DgjsBK8VuijMXH7WiTtbYO0UrDPZy0FhkIdyPVWFDPDfqD0Kc36Og'),
('If Footmen Tire You What Will Horses Do?','Goldner, Kutch and Bosco',871538,204,'Nepali','https://jamesclear.com/book-summaries/a-short-guide-to-a-happy-life','https://designforwriters.com/wp-content/uploads/2017/10/design-for-writers-book-cover-tf-2-a-million-to-one.jpg?fbclid=IwAR0To4DgjsBK8VuijMXH7WiTtbYO0UrDPZy0FhkIdyPVWFDPDfqD0Kc36Og'),
('Urgh! A Music War','Dach Inc',874749,286,'Greek','https://jamesclear.com/book-summaries/a-short-guide-to-a-happy-life','https://designforwriters.com/wp-content/uploads/2017/10/design-for-writers-book-cover-tf-2-a-million-to-one.jpg?fbclid=IwAR0To4DgjsBK8VuijMXH7WiTtbYO0UrDPZy0FhkIdyPVWFDPDfqD0Kc36Og'),
('Last American Hero, The','Kunde-Kuvalis',878055,467,'Filipino','https://jamesclear.com/book-summaries/a-short-guide-to-a-happy-life','https://designforwriters.com/wp-content/uploads/2017/10/design-for-writers-book-cover-tf-2-a-million-to-one.jpg?fbclid=IwAR0To4DgjsBK8VuijMXH7WiTtbYO0UrDPZy0FhkIdyPVWFDPDfqD0Kc36Og'),
('Raw Deal','Fisher Inc',880688,933,'Aymara','https://jamesclear.com/book-summaries/a-short-guide-to-a-happy-life','https://designforwriters.com/wp-content/uploads/2017/10/design-for-writers-book-cover-tf-2-a-million-to-one.jpg?fbclid=IwAR0To4DgjsBK8VuijMXH7WiTtbYO0UrDPZy0FhkIdyPVWFDPDfqD0Kc36Og'),
('The Shadow of the Eagle','Weber-Ziemann',883246,767,'Sotho','https://jamesclear.com/book-summaries/a-short-guide-to-a-happy-life','https://designforwriters.com/wp-content/uploads/2017/10/design-for-writers-book-cover-tf-2-a-million-to-one.jpg?fbclid=IwAR0To4DgjsBK8VuijMXH7WiTtbYO0UrDPZy0FhkIdyPVWFDPDfqD0Kc36Og'),
('Our Dancing Daughters','Kilback-Lueilwitz',884051,306,'Indonesian','https://jamesclear.com/book-summaries/a-short-guide-to-a-happy-life','https://designforwriters.com/wp-content/uploads/2017/10/design-for-writers-book-cover-tf-2-a-million-to-one.jpg?fbclid=IwAR0To4DgjsBK8VuijMXH7WiTtbYO0UrDPZy0FhkIdyPVWFDPDfqD0Kc36Og'),
('Toolbox Murders, The','Medhurst-Bartoletti',886127,658,'Irish Gaelic','https://jamesclear.com/book-summaries/a-short-guide-to-a-happy-life','https://designforwriters.com/wp-content/uploads/2017/10/design-for-writers-book-cover-tf-2-a-million-to-one.jpg?fbclid=IwAR0To4DgjsBK8VuijMXH7WiTtbYO0UrDPZy0FhkIdyPVWFDPDfqD0Kc36Og');
/*!40000 ALTER TABLE `book` ENABLE KEYS */;
UNLOCK TABLES;

--
-- Table structure for table `book_author`
--

DROP TABLE IF EXISTS `book_author`;
/*!40101 SET @saved_cs_client     = @@character_set_client */;
/*!40101 SET character_set_client = utf8 */;
CREATE TABLE `book_author` (
  `book_isbn` int(11) NOT NULL,
  `author_id` int(11) DEFAULT NULL,
  KEY `book_isbn` (`book_isbn`),
  KEY `author_id` (`author_id`),
  CONSTRAINT `book_author_ibfk_1` FOREIGN KEY (`book_isbn`) REFERENCES `book` (`ISBN`),
  CONSTRAINT `book_author_ibfk_2` FOREIGN KEY (`author_id`) REFERENCES `author` (`id`)
) ENGINE=InnoDB DEFAULT CHARSET=utf8mb4 COLLATE=utf8mb4_general_ci;
/*!40101 SET character_set_client = @saved_cs_client */;

--
-- Dumping data for table `book_author`
--

LOCK TABLES `book_author` WRITE;
/*!40000 ALTER TABLE `book_author` DISABLE KEYS */;
INSERT INTO `book_author` VALUES
(100854,55),
(115886,79),
(121264,51),
(122982,7),
(128473,14),
(129538,74),
(140269,67),
(148176,29),
(148267,5),
(149473,100),
(153661,9),
(155666,13),
(157855,78),
(159661,24),
(169215,99),
(169901,91),
(171915,98),
(173482,46),
(176719,13),
(179814,72),
(186485,19),
(198687,81),
(199959,95),
(205658,22),
(209611,41),
(227773,70),
(228508,25),
(230658,78),
(239582,19),
(249731,2),
(258021,35),
(263369,71),
(264135,28),
(268338,65),
(278077,19),
(286993,10),
(287200,26),
(297669,53),
(301053,89),
(308431,27),
(315502,71),
(317695,38),
(329814,90),
(329848,28),
(338590,17),
(343915,24),
(360485,82),
(366414,17),
(371067,21),
(374911,56),
(375109,84),
(377520,76),
(381321,79),
(383168,29),
(383873,72),
(387140,100),
(399523,39),
(401488,89),
(416642,64),
(424813,91),
(425287,52),
(429968,42),
(433189,71),
(440860,57),
(442942,40),
(445702,8),
(449129,48),
(467145,4),
(468525,41),
(470576,28),
(474912,56),
(475981,28),
(476195,57),
(479884,84),
(483476,49),
(485774,80),
(489776,41),
(501994,69),
(513080,34),
(526859,25),
(530126,87),
(535998,82),
(537407,90),
(546658,40),
(556189,64),
(557402,76),
(567103,17),
(567400,4),
(591808,63),
(593330,34),
(598594,11),
(599969,25),
(607296,93),
(615588,30),
(623010,93),
(627812,82),
(635068,21),
(635150,69),
(643843,26),
(646271,39),
(646694,98),
(656574,55),
(657488,86),
(657610,17),
(662370,15),
(674585,89),
(676649,22),
(685931,30),
(686329,93),
(688324,85),
(688863,92),
(692342,6),
(698543,50),
(702460,74),
(706721,35),
(714990,25),
(719997,73),
(721851,30),
(725426,78),
(726650,38),
(733662,85),
(743901,99),
(744770,70),
(751484,41),
(753573,14),
(757767,38),
(757854,74),
(764289,39),
(766347,35),
(766373,67),
(767536,65),
(787724,85),
(791353,25),
(803564,2),
(807137,40),
(807730,82),
(808396,93),
(818687,10),
(821130,81),
(841418,1),
(849988,73),
(866287,15),
(871515,18),
(871538,69),
(874749,25),
(878055,26),
(880688,67),
(883246,91),
(884051,81),
(886127,69),
(884051,68),
(429968,78),
(140269,83),
(366414,84),
(338590,69),
(476195,92),
(757854,53),
(387140,88),
(849988,82),
(702460,43),
(685931,70),
(169901,21),
(268338,96),
(297669,15),
(149473,87),
(155666,88),
(171915,80),
(751484,37),
(489776,42),
(688863,98),
(599969,65),
(688324,29),
(866287,52),
(757767,70),
(199959,96),
(343915,69),
(725426,57),
(148267,76),
(883246,11),
(501994,24),
(744770,87),
(445702,65),
(692342,61),
(205658,11),
(821130,70),
(148176,19),
(537407,82),
(880688,53),
(818687,17),
(766373,28),
(674585,87),
(115886,52),
(743901,99),
(449129,38),
(721851,90),
(329848,38),
(173482,20),
(121264,83),
(598594,56),
(841418,28),
(387140,85),
(878055,32),
(688324,5),
(821130,31),
(593330,37),
(535998,94),
(635150,55),
(149473,95),
(567400,8),
(169901,54),
(401488,47),
(199959,74),
(230658,26),
(656574,9),
(657610,65),
(698543,98),
(884051,92),
(169215,69),
(501994,69),
(329848,38),
(686329,81),
(424813,89),
(301053,5),
(753573,55),
(159661,61),
(128473,38),
(764289,8),
(635068,27),
(615588,7),
(598594,56),
(198687,58),
(874749,22),
(429968,36),
(338590,14),
(399523,63),
(157855,70),
(263369,61),
(733662,93),
(803564,82),
(489776,32),
(264135,13),
(866287,69),
(140269,5),
(657488,18),
(317695,76),
(371067,23),
(646271,88),
(883246,71),
(374911,88),
(721851,28),
(721851,69),
(374911,69);
/*!40000 ALTER TABLE `book_author` ENABLE KEYS */;
UNLOCK TABLES;

--
-- Table structure for table `book_category`
--

DROP TABLE IF EXISTS `book_category`;
/*!40101 SET @saved_cs_client     = @@character_set_client */;
/*!40101 SET character_set_client = utf8 */;
CREATE TABLE `book_category` (
  `book_id` int(11) NOT NULL,
  `category_id` int(11) NOT NULL DEFAULT 0,
  KEY `category_id` (`category_id`),
  KEY `book_id` (`book_id`),
  CONSTRAINT `book_category_ibfk_1` FOREIGN KEY (`category_id`) REFERENCES `category` (`id`),
  CONSTRAINT `book_category_ibfk_2` FOREIGN KEY (`book_id`) REFERENCES `book` (`ISBN`)
) ENGINE=InnoDB DEFAULT CHARSET=utf8mb4 COLLATE=utf8mb4_general_ci;
/*!40101 SET character_set_client = @saved_cs_client */;

--
-- Dumping data for table `book_category`
--

LOCK TABLES `book_category` WRITE;
/*!40000 ALTER TABLE `book_category` DISABLE KEYS */;
INSERT INTO `book_category` VALUES
(100854,1),
(100854,9),
(100854,4),
(115886,6),
(115886,9),
(115886,8),
(121264,5),
(121264,1),
(121264,3),
(122982,9),
(122982,7),
(122982,4),
(128473,5),
(128473,9),
(128473,10),
(129538,7),
(129538,3),
(129538,8),
(140269,1),
(140269,8),
(140269,3),
(148176,10),
(148176,8),
(148176,5),
(148267,10),
(148267,7),
(148267,4),
(149473,9),
(149473,2),
(149473,6),
(153661,8),
(153661,10),
(153661,2),
(155666,2),
(155666,4),
(155666,8),
(157855,7),
(157855,2),
(157855,1),
(159661,10),
(159661,4),
(159661,3),
(169215,7),
(169215,3),
(169215,1),
(169901,3),
(169901,9),
(169901,5),
(171915,2),
(171915,9),
(171915,1),
(173482,9),
(173482,1),
(173482,10),
(176719,7),
(176719,9),
(176719,2),
(179814,9),
(179814,1),
(179814,3),
(186485,9),
(186485,2),
(186485,1),
(198687,9),
(198687,4),
(198687,5),
(199959,10),
(199959,1),
(199959,4),
(205658,10),
(205658,7),
(205658,9),
(209611,3),
(209611,1),
(209611,5),
(227773,5),
(227773,9),
(227773,3),
(228508,5),
(228508,3),
(228508,1),
(230658,6),
(230658,2),
(230658,9),
(239582,9),
(239582,7),
(239582,2),
(249731,4),
(249731,3),
(249731,2),
(258021,6),
(258021,7),
(258021,8),
(263369,8),
(263369,3),
(263369,9),
(264135,1),
(264135,3),
(264135,7),
(268338,3),
(268338,6),
(268338,5),
(278077,6),
(278077,3),
(278077,8),
(286993,8),
(286993,10),
(286993,3),
(287200,8),
(287200,9),
(287200,3),
(297669,9),
(297669,10),
(297669,4),
(301053,7),
(301053,10),
(301053,2),
(308431,9),
(308431,8),
(308431,10),
(315502,4),
(315502,3),
(315502,2),
(317695,4),
(317695,5),
(317695,7),
(329814,10),
(329814,5),
(329814,2),
(329848,7),
(329848,5),
(329848,10),
(338590,5),
(338590,9),
(338590,10),
(343915,9),
(343915,6),
(343915,7),
(360485,9),
(360485,1),
(360485,7),
(366414,10),
(366414,5),
(366414,9),
(371067,1),
(371067,8),
(371067,5),
(374911,4),
(374911,3),
(374911,10),
(375109,1),
(375109,6),
(375109,3),
(377520,4),
(377520,3),
(377520,2),
(381321,7),
(381321,5),
(381321,6),
(383168,2),
(383168,7),
(383168,4),
(383873,6),
(383873,7),
(383873,2),
(387140,10),
(387140,4),
(387140,1),
(399523,1),
(399523,2),
(399523,3),
(401488,7),
(401488,5),
(401488,1),
(416642,3),
(416642,7),
(416642,8),
(424813,10),
(424813,9),
(424813,8),
(425287,10),
(425287,9),
(425287,6),
(429968,4),
(429968,1),
(429968,10),
(433189,5),
(433189,10),
(433189,2),
(440860,7),
(440860,8),
(440860,4),
(442942,3),
(442942,10),
(442942,1),
(445702,10),
(445702,4),
(445702,8),
(449129,8),
(449129,4),
(449129,1),
(467145,3),
(467145,7),
(467145,9),
(468525,9),
(468525,2),
(468525,8),
(470576,3),
(470576,6),
(470576,1),
(474912,9),
(474912,7),
(474912,2),
(475981,10),
(475981,6),
(475981,3),
(476195,7),
(476195,3),
(476195,6),
(479884,8),
(479884,9),
(479884,3),
(483476,1),
(483476,2),
(483476,8),
(485774,6),
(485774,2),
(485774,10),
(489776,7),
(489776,9),
(489776,3),
(501994,7),
(501994,8),
(501994,3),
(513080,1),
(513080,2),
(513080,4),
(526859,10),
(526859,9),
(526859,6),
(530126,8),
(530126,1),
(530126,2),
(535998,5),
(535998,8),
(535998,3),
(537407,2),
(537407,8),
(537407,6),
(546658,2),
(546658,5),
(546658,10),
(556189,4),
(556189,8),
(556189,3),
(557402,8),
(557402,6),
(557402,4),
(567103,5),
(567103,2),
(567103,10),
(567400,6),
(567400,7),
(567400,9),
(591808,7),
(591808,1),
(591808,4),
(593330,4),
(593330,1),
(593330,9),
(598594,1),
(598594,3),
(598594,6),
(599969,10),
(599969,2),
(599969,1),
(607296,9),
(607296,2),
(607296,6),
(615588,4),
(615588,5),
(615588,3),
(623010,6),
(623010,3),
(623010,2),
(627812,10),
(627812,7),
(627812,6),
(635068,1),
(635068,9),
(635068,4),
(635150,6),
(635150,9),
(635150,8),
(643843,3),
(643843,1),
(643843,9),
(646271,2),
(646271,9),
(646271,5),
(646694,10),
(646694,8),
(646694,2),
(656574,8),
(656574,1),
(656574,9),
(657488,8),
(657488,6),
(657488,4),
(657610,6),
(657610,1),
(657610,5),
(662370,4),
(662370,7),
(662370,9),
(674585,2),
(674585,3),
(674585,4),
(676649,6),
(676649,3),
(676649,2),
(685931,10),
(685931,3),
(685931,6),
(686329,5),
(686329,9),
(686329,7),
(688324,10),
(688324,9),
(688324,2),
(688863,9),
(688863,4),
(688863,3),
(692342,2),
(692342,6),
(692342,1),
(698543,8),
(698543,2),
(698543,7),
(702460,1),
(702460,5),
(702460,6),
(706721,3),
(706721,4),
(706721,8),
(714990,10),
(714990,7),
(714990,4),
(719997,5),
(719997,2),
(719997,3),
(721851,8),
(721851,7),
(721851,3),
(725426,10),
(725426,4),
(725426,2),
(726650,8),
(726650,9),
(726650,7),
(733662,4),
(733662,5),
(733662,2),
(743901,7),
(743901,10),
(743901,5),
(744770,7),
(744770,3),
(744770,6),
(751484,4),
(751484,1),
(751484,3),
(753573,5),
(753573,9),
(753573,1),
(757767,3),
(757767,4),
(757767,1),
(757854,1),
(757854,10),
(757854,9),
(764289,2),
(764289,7),
(764289,4),
(766347,7),
(766347,2),
(766347,5),
(766373,2),
(766373,5),
(766373,1),
(767536,6),
(767536,5),
(767536,10),
(787724,6),
(787724,3),
(787724,4),
(791353,2),
(791353,9),
(791353,3),
(803564,7),
(803564,6),
(803564,9),
(807137,7),
(807137,1),
(807137,4),
(807730,10),
(807730,7),
(807730,6),
(808396,7),
(808396,6),
(808396,1),
(818687,9),
(818687,6),
(818687,10),
(821130,6),
(821130,2),
(821130,3),
(841418,10),
(841418,3),
(841418,4),
(849988,2),
(849988,4),
(849988,6),
(866287,1),
(866287,3),
(866287,9),
(871515,7),
(871515,10),
(871515,8),
(871538,2),
(871538,7),
(871538,6),
(874749,7),
(874749,5),
(874749,9),
(878055,7),
(878055,1),
(878055,3),
(880688,7),
(880688,10),
(880688,1),
(883246,1),
(883246,9),
(883246,7),
(884051,8),
(884051,5),
(884051,4),
(886127,10),
(886127,7),
(886127,1);
/*!40000 ALTER TABLE `book_category` ENABLE KEYS */;
UNLOCK TABLES;

--
-- Temporary table structure for view `book_inventory_view`
--

DROP TABLE IF EXISTS `book_inventory_view`;
/*!50001 DROP VIEW IF EXISTS `book_inventory_view`*/;
SET @saved_cs_client     = @@character_set_client;
SET character_set_client = utf8;
/*!50001 CREATE VIEW `book_inventory_view` AS SELECT
 1 AS `titleBK`,
  1 AS `ISBN`,
  1 AS `school_id`,
  1 AS `inventory` */;
SET character_set_client = @saved_cs_client;

--
-- Table structure for table `book_school`
--

DROP TABLE IF EXISTS `book_school`;
/*!40101 SET @saved_cs_client     = @@character_set_client */;
/*!40101 SET character_set_client = utf8 */;
CREATE TABLE `book_school` (
  `id` int(11) NOT NULL AUTO_INCREMENT,
  `book_id` int(11) NOT NULL,
  `school_id` int(11) NOT NULL,
  `inventory` int(6) NOT NULL DEFAULT 0,
  PRIMARY KEY (`id`),
  KEY `book_id` (`book_id`),
  KEY `school_id` (`school_id`),
  CONSTRAINT `book_school_ibfk_1` FOREIGN KEY (`book_id`) REFERENCES `book` (`ISBN`),
  CONSTRAINT `book_school_ibfk_2` FOREIGN KEY (`school_id`) REFERENCES `school` (`id`)
) ENGINE=InnoDB AUTO_INCREMENT=661 DEFAULT CHARSET=utf8mb4 COLLATE=utf8mb4_general_ci;
/*!40101 SET character_set_client = @saved_cs_client */;

--
-- Dumping data for table `book_school`
--

LOCK TABLES `book_school` WRITE;
/*!40000 ALTER TABLE `book_school` DISABLE KEYS */;
INSERT INTO `book_school` VALUES
(1,100854,1,0),
(2,115886,1,8),
(3,121264,1,6),
(4,122982,1,8),
(5,128473,1,10),
(6,129538,1,5),
(7,140269,1,8),
(8,148176,1,1),
(9,148267,1,4),
(10,149473,1,7),
(11,153661,1,0),
(12,155666,1,1),
(13,157855,1,8),
(14,159661,1,4),
(15,169215,1,6),
(16,169901,1,8),
(17,171915,1,10),
(18,173482,1,5),
(19,176719,1,5),
(20,179814,1,2),
(21,186485,1,5),
(22,198687,1,8),
(23,199959,1,3),
(24,205658,1,4),
(25,209611,1,9),
(26,227773,1,4),
(27,228508,1,3),
(28,230658,1,3),
(29,239582,1,7),
(30,249731,1,2),
(31,258021,1,3),
(32,263369,1,0),
(33,264135,1,0),
(34,268338,1,0),
(35,278077,1,1),
(36,286993,1,6),
(37,287200,1,4),
(38,297669,1,5),
(39,301053,1,3),
(40,308431,1,9),
(41,315502,1,3),
(42,317695,1,0),
(43,329814,1,4),
(44,329848,1,9),
(45,338590,1,0),
(46,343915,1,6),
(47,360485,1,10),
(48,366414,1,8),
(49,371067,1,1),
(50,374911,1,5),
(51,375109,1,10),
(52,377520,1,4),
(53,381321,1,0),
(54,383168,1,1),
(55,383873,1,6),
(56,387140,1,4),
(57,399523,1,5),
(58,401488,1,10),
(59,416642,1,5),
(60,424813,1,7),
(61,425287,1,8),
(62,429968,1,0),
(63,433189,1,8),
(64,440860,1,8),
(65,442942,1,5),
(66,445702,1,3),
(67,449129,1,0),
(68,467145,1,3),
(69,468525,1,2),
(70,470576,1,4),
(71,474912,1,3),
(72,475981,1,2),
(73,476195,1,4),
(74,479884,1,2),
(75,483476,1,10),
(76,485774,1,2),
(77,489776,1,10),
(78,501994,1,4),
(79,513080,1,0),
(80,526859,1,10),
(81,530126,1,9),
(82,535998,1,3),
(83,537407,1,9),
(84,546658,1,6),
(85,556189,1,0),
(86,557402,1,8),
(87,567103,1,7),
(88,567400,1,2),
(89,591808,1,10),
(90,593330,1,1),
(91,598594,1,7),
(92,599969,1,0),
(93,607296,1,3),
(94,615588,1,4),
(95,623010,1,0),
(96,627812,1,10),
(97,635068,1,5),
(98,635150,1,9),
(99,643843,1,7),
(100,646271,1,10),
(101,646694,1,6),
(102,656574,1,2),
(103,657488,1,3),
(104,657610,1,0),
(105,662370,1,3),
(106,674585,1,2),
(107,676649,1,4),
(108,685931,1,4),
(109,686329,1,8),
(110,688324,1,4),
(111,688863,1,0),
(112,692342,1,8),
(113,698543,1,8),
(114,702460,1,5),
(115,706721,1,3),
(116,714990,1,0),
(117,719997,1,2),
(118,721851,1,1),
(119,725426,1,0),
(120,726650,1,8),
(121,733662,1,9),
(122,743901,1,8),
(123,744770,1,5),
(124,751484,1,2),
(125,753573,1,7),
(126,757767,1,8),
(127,757854,1,7),
(128,764289,1,10),
(129,766347,1,9),
(130,766373,1,3),
(131,767536,1,9),
(132,787724,1,7),
(133,791353,1,7),
(134,803564,1,4),
(135,807137,1,9),
(136,807730,1,1),
(137,808396,1,1),
(138,818687,1,4),
(139,821130,1,7),
(140,841418,1,2),
(141,849988,1,9),
(142,866287,1,9),
(143,871515,1,8),
(144,871538,1,1),
(145,874749,1,2),
(146,878055,1,0),
(147,880688,1,2),
(148,883246,1,1),
(149,884051,1,10),
(150,886127,1,5),
(256,100854,2,7),
(257,115886,2,8),
(258,121264,2,10),
(259,122982,2,6),
(260,128473,2,8),
(261,129538,2,1),
(262,140269,2,4),
(263,148176,2,7),
(264,148267,2,0),
(265,149473,2,1),
(266,153661,2,8),
(267,155666,2,4),
(268,157855,2,7),
(269,159661,2,3),
(270,169215,2,6),
(271,169901,2,9),
(272,171915,2,6),
(273,173482,2,2),
(274,176719,2,3),
(275,179814,2,1),
(276,186485,2,6),
(277,198687,2,7),
(278,199959,2,6),
(279,205658,2,8),
(280,209611,2,0),
(281,227773,2,9),
(282,228508,2,2),
(283,230658,2,6),
(284,239582,2,3),
(285,249731,2,8),
(286,258021,2,9),
(287,263369,2,10),
(288,264135,2,0),
(289,268338,2,7),
(290,278077,2,0),
(291,286993,2,2),
(292,287200,2,9),
(293,297669,2,6),
(294,301053,2,5),
(295,308431,2,9),
(296,315502,2,7),
(297,317695,2,7),
(298,329814,2,4),
(299,329848,2,0),
(300,338590,2,0),
(301,343915,2,10),
(302,360485,2,6),
(303,366414,2,2),
(304,371067,2,4),
(305,374911,2,4),
(306,375109,2,7),
(307,377520,2,1),
(308,381321,2,9),
(309,383168,2,7),
(310,383873,2,9),
(311,387140,2,3),
(312,399523,2,0),
(313,401488,2,3),
(314,416642,2,2),
(315,424813,2,5),
(316,425287,2,6),
(317,429968,2,7),
(318,433189,2,5),
(319,440860,2,7),
(320,442942,2,6),
(321,445702,2,10),
(322,449129,2,10),
(323,467145,2,10),
(324,468525,2,10),
(325,470576,2,0),
(326,474912,2,1),
(327,475981,2,6),
(328,476195,2,4),
(329,479884,2,3),
(330,483476,2,4),
(331,485774,2,2),
(332,489776,2,7),
(333,501994,2,8),
(334,513080,2,0),
(335,526859,2,8),
(336,530126,2,8),
(337,535998,2,4),
(338,537407,2,9),
(339,546658,2,0),
(340,556189,2,8),
(341,557402,2,5),
(342,567103,2,2),
(343,567400,2,8),
(344,591808,2,10),
(345,593330,2,8),
(346,598594,2,7),
(347,599969,2,2),
(348,607296,2,9),
(349,615588,2,9),
(350,623010,2,9),
(351,627812,2,6),
(352,635068,2,3),
(353,635150,2,0),
(354,643843,2,1),
(355,646271,2,4),
(356,646694,2,8),
(357,656574,2,6),
(358,657488,2,5),
(359,657610,2,8),
(360,662370,2,3),
(361,674585,2,3),
(362,676649,2,7),
(363,685931,2,6),
(364,686329,2,8),
(365,688324,2,1),
(366,688863,2,5),
(367,692342,2,10),
(368,698543,2,2),
(369,702460,2,3),
(370,706721,2,9),
(371,714990,2,4),
(372,719997,2,5),
(373,721851,2,3),
(374,725426,2,10),
(375,726650,2,0),
(376,733662,2,1),
(377,743901,2,6),
(378,744770,2,5),
(379,751484,2,10),
(380,753573,2,0),
(381,757767,2,4),
(382,757854,2,1),
(383,764289,2,2),
(384,766347,2,6),
(385,766373,2,4),
(386,767536,2,3),
(387,787724,2,3),
(388,791353,2,7),
(389,803564,2,5),
(390,807137,2,3),
(391,807730,2,0),
(392,808396,2,5),
(393,818687,2,3),
(394,821130,2,1),
(395,841418,2,5),
(396,849988,2,1),
(397,866287,2,1),
(398,871515,2,2),
(399,871538,2,10),
(400,874749,2,9),
(401,878055,2,6),
(402,880688,2,5),
(403,883246,2,5),
(404,884051,2,1),
(405,886127,2,3),
(511,100854,3,0),
(512,115886,3,2),
(513,121264,3,9),
(514,122982,3,9),
(515,128473,3,8),
(516,129538,3,2),
(517,140269,3,6),
(518,148176,3,5),
(519,148267,3,8),
(520,149473,3,1),
(521,153661,3,5),
(522,155666,3,1),
(523,157855,3,0),
(524,159661,3,0),
(525,169215,3,10),
(526,169901,3,8),
(527,171915,3,10),
(528,173482,3,5),
(529,176719,3,5),
(530,179814,3,2),
(531,186485,3,6),
(532,198687,3,3),
(533,199959,3,6),
(534,205658,3,2),
(535,209611,3,1),
(536,227773,3,10),
(537,228508,3,3),
(538,230658,3,9),
(539,239582,3,4),
(540,249731,3,3),
(541,258021,3,5),
(542,263369,3,6),
(543,264135,3,3),
(544,268338,3,10),
(545,278077,3,10),
(546,286993,3,7),
(547,287200,3,4),
(548,297669,3,1),
(549,301053,3,6),
(550,308431,3,6),
(551,315502,3,2),
(552,317695,3,1),
(553,329814,3,10),
(554,329848,3,5),
(555,338590,3,8),
(556,343915,3,0),
(557,360485,3,2),
(558,366414,3,9),
(559,371067,3,6),
(560,374911,3,5),
(561,375109,3,5),
(562,377520,3,10),
(563,381321,3,5),
(564,383168,3,8),
(565,383873,3,0),
(566,387140,3,10),
(567,399523,3,6),
(568,401488,3,2),
(569,416642,3,4),
(570,424813,3,1),
(571,425287,3,8),
(572,429968,3,2),
(573,433189,3,7),
(574,440860,3,0),
(575,442942,3,10),
(576,445702,3,8),
(577,449129,3,8),
(578,467145,3,7),
(579,468525,3,10),
(580,470576,3,10),
(581,474912,3,8),
(582,475981,3,9),
(583,476195,3,1),
(584,479884,3,9),
(585,483476,3,1),
(586,485774,3,2),
(587,489776,3,5),
(588,501994,3,0),
(589,513080,3,5),
(590,526859,3,6),
(591,530126,3,3),
(592,535998,3,9),
(593,537407,3,3),
(594,546658,3,0),
(595,556189,3,2),
(596,557402,3,0),
(597,567103,3,6),
(598,567400,3,8),
(599,591808,3,0),
(600,593330,3,8),
(601,598594,3,9),
(602,599969,3,0),
(603,607296,3,7),
(604,615588,3,1),
(605,623010,3,5),
(606,627812,3,4),
(607,635068,3,3),
(608,635150,3,3),
(609,643843,3,9),
(610,646271,3,3),
(611,646694,3,8),
(612,656574,3,0),
(613,657488,3,10),
(614,657610,3,8),
(615,662370,3,10),
(616,674585,3,3),
(617,676649,3,9),
(618,685931,3,4),
(619,686329,3,3),
(620,688324,3,4),
(621,688863,3,0),
(622,692342,3,2),
(623,698543,3,7),
(624,702460,3,10),
(625,706721,3,6),
(626,714990,3,2),
(627,719997,3,3),
(628,721851,3,8),
(629,725426,3,10),
(630,726650,3,5),
(631,733662,3,5),
(632,743901,3,1),
(633,744770,3,3),
(634,751484,3,9),
(635,753573,3,7),
(636,757767,3,6),
(637,757854,3,10),
(638,764289,3,0),
(639,766347,3,4),
(640,766373,3,8),
(641,767536,3,9),
(642,787724,3,10),
(643,791353,3,10),
(644,803564,3,0),
(645,807137,3,2),
(646,807730,3,2),
(647,808396,3,3),
(648,818687,3,0),
(649,821130,3,1),
(650,841418,3,6),
(651,849988,3,5),
(652,866287,3,7),
(653,871515,3,9),
(654,871538,3,2),
(655,874749,3,5),
(656,878055,3,8),
(657,880688,3,4),
(658,883246,3,8),
(659,884051,3,8),
(660,886127,3,4);
/*!40000 ALTER TABLE `book_school` ENABLE KEYS */;
UNLOCK TABLES;

--
-- Table structure for table `category`
--

DROP TABLE IF EXISTS `category`;
/*!40101 SET @saved_cs_client     = @@character_set_client */;
/*!40101 SET character_set_client = utf8 */;
CREATE TABLE `category` (
  `id` int(11) NOT NULL AUTO_INCREMENT,
  `category` varchar(50) NOT NULL,
  PRIMARY KEY (`id`)
) ENGINE=InnoDB AUTO_INCREMENT=11 DEFAULT CHARSET=utf8mb4 COLLATE=utf8mb4_general_ci;
/*!40101 SET character_set_client = @saved_cs_client */;

--
-- Dumping data for table `category`
--

LOCK TABLES `category` WRITE;
/*!40000 ALTER TABLE `category` DISABLE KEYS */;
INSERT INTO `category` VALUES
(1,'Fiction'),
(2,'Non-Fiction'),
(3,'Mystery'),
(4,'Romance'),
(5,'Science Fiction'),
(6,'Fantasy'),
(7,'Biography'),
(8,'Self-Help'),
(9,'History'),
(10,'Thriller');
/*!40000 ALTER TABLE `category` ENABLE KEYS */;
UNLOCK TABLES;

--
-- Table structure for table `ratings`
--

DROP TABLE IF EXISTS `ratings`;
/*!40101 SET @saved_cs_client     = @@character_set_client */;
/*!40101 SET character_set_client = utf8 */;
CREATE TABLE `ratings` (
  `id` int(11) NOT NULL AUTO_INCREMENT,
  `book_id` int(11) NOT NULL,
  `user_id` int(11) NOT NULL,
  `rating` int(11) NOT NULL CHECK (`rating` >= 1 and `rating` <= 5),
  PRIMARY KEY (`id`),
  KEY `book_id` (`book_id`),
  KEY `user_id` (`user_id`),
  CONSTRAINT `ratings_ibfk_1` FOREIGN KEY (`book_id`) REFERENCES `book` (`ISBN`),
  CONSTRAINT `ratings_ibfk_2` FOREIGN KEY (`user_id`) REFERENCES `user` (`id`)
) ENGINE=InnoDB AUTO_INCREMENT=1535 DEFAULT CHARSET=utf8mb4 COLLATE=utf8mb4_general_ci;
/*!40101 SET character_set_client = @saved_cs_client */;

--
-- Dumping data for table `ratings`
--

LOCK TABLES `ratings` WRITE;
/*!40000 ALTER TABLE `ratings` DISABLE KEYS */;
INSERT INTO `ratings` VALUES
(1,100854,355,4),
(2,100854,15,5),
(3,100854,113,2),
(4,115886,355,4),
(5,115886,15,3),
(6,115886,113,2),
(7,121264,355,2),
(8,121264,15,1),
(9,121264,113,2),
(10,122982,355,1),
(11,122982,15,1),
(12,122982,113,4),
(13,128473,355,5),
(14,128473,15,4),
(15,128473,113,4),
(16,129538,355,1),
(17,129538,15,2),
(18,129538,113,4),
(19,140269,355,1),
(20,140269,15,4),
(21,140269,113,1),
(22,148176,355,2),
(23,148176,15,1),
(24,148176,113,4),
(25,148267,355,5),
(26,148267,15,4),
(27,148267,113,3),
(28,149473,355,2),
(29,149473,15,2),
(30,149473,113,4),
(31,153661,355,4),
(32,153661,15,5),
(33,153661,113,4),
(34,155666,355,1),
(35,155666,15,2),
(36,155666,113,1),
(37,157855,355,3),
(38,157855,15,2),
(39,157855,113,4),
(40,159661,355,4),
(41,159661,15,4),
(42,159661,113,3),
(43,169215,355,3),
(44,169215,15,5),
(45,169215,113,1),
(46,169901,355,4),
(47,169901,15,1),
(48,169901,113,3),
(49,171915,355,4),
(50,171915,15,4),
(51,171915,113,2),
(52,173482,355,5),
(53,173482,15,1),
(54,173482,113,4),
(55,176719,355,2),
(56,176719,15,1),
(57,176719,113,2),
(58,179814,355,5),
(59,179814,15,2),
(60,179814,113,3),
(61,186485,355,4),
(62,186485,15,5),
(63,186485,113,1),
(64,198687,355,2),
(65,198687,15,1),
(66,198687,113,3),
(67,199959,355,5),
(68,199959,15,1),
(69,199959,113,2),
(70,205658,355,3),
(71,205658,15,1),
(72,205658,113,4),
(73,209611,355,2),
(74,209611,15,3),
(75,209611,113,3),
(76,227773,355,2),
(77,227773,15,3),
(78,227773,113,5),
(79,228508,355,5),
(80,228508,15,3),
(81,228508,113,4),
(82,230658,355,3),
(83,230658,15,3),
(84,230658,113,4),
(85,239582,355,2),
(86,239582,15,3),
(87,239582,113,4),
(88,249731,355,3),
(89,249731,15,4),
(90,249731,113,5),
(91,258021,355,5),
(92,258021,15,2),
(93,258021,113,4),
(94,263369,355,5),
(95,263369,15,1),
(96,263369,113,3),
(97,264135,355,3),
(98,264135,15,2),
(99,264135,113,2),
(100,268338,355,2),
(101,268338,15,2),
(102,268338,113,2),
(103,278077,355,5),
(104,278077,15,2),
(105,278077,113,4),
(106,286993,355,1),
(107,286993,15,5),
(108,286993,113,1),
(109,287200,355,1),
(110,287200,15,4),
(111,287200,113,5),
(112,297669,355,5),
(113,297669,15,5),
(114,297669,113,1),
(115,301053,355,3),
(116,301053,15,2),
(117,301053,113,2),
(118,308431,355,4),
(119,308431,15,3),
(120,308431,113,1),
(121,315502,355,1),
(122,315502,15,2),
(123,315502,113,3),
(124,317695,355,4),
(125,317695,15,3),
(126,317695,113,2),
(127,329814,355,2),
(128,329814,15,2),
(129,329814,113,4),
(130,329848,355,3),
(131,329848,15,3),
(132,329848,113,2),
(133,338590,355,2),
(134,338590,15,2),
(135,338590,113,2),
(136,343915,355,5),
(137,343915,15,4),
(138,343915,113,4),
(139,360485,355,4),
(140,360485,15,1),
(141,360485,113,2),
(142,366414,355,5),
(143,366414,15,4),
(144,366414,113,2),
(145,371067,355,5),
(146,371067,15,4),
(147,371067,113,2),
(148,374911,355,5),
(149,374911,15,4),
(150,374911,113,3),
(151,375109,355,5),
(152,375109,15,1),
(153,375109,113,1),
(154,377520,355,5),
(155,377520,15,5),
(156,377520,113,4),
(157,381321,355,4),
(158,381321,15,5),
(159,381321,113,1),
(160,383168,355,4),
(161,383168,15,2),
(162,383168,113,1),
(163,383873,355,2),
(164,383873,15,5),
(165,383873,113,3),
(166,387140,355,4),
(167,387140,15,2),
(168,387140,113,3),
(169,399523,355,3),
(170,399523,15,1),
(171,399523,113,4),
(172,401488,355,3),
(173,401488,15,4),
(174,401488,113,3),
(175,416642,355,5),
(176,416642,15,3),
(177,416642,113,5),
(178,424813,355,5),
(179,424813,15,1),
(180,424813,113,4),
(181,425287,355,5),
(182,425287,15,2),
(183,425287,113,1),
(184,429968,355,2),
(185,429968,15,3),
(186,429968,113,2),
(187,433189,355,3),
(188,433189,15,2),
(189,433189,113,5),
(190,440860,355,4),
(191,440860,15,1),
(192,440860,113,5),
(193,442942,355,2),
(194,442942,15,3),
(195,442942,113,5),
(196,445702,355,2),
(197,445702,15,1),
(198,445702,113,1),
(199,449129,355,3),
(200,449129,15,4),
(201,449129,113,1),
(202,467145,355,2),
(203,467145,15,5),
(204,467145,113,5),
(205,468525,355,3),
(206,468525,15,1),
(207,468525,113,1),
(208,470576,355,5),
(209,470576,15,3),
(210,470576,113,5),
(211,474912,355,5),
(212,474912,15,4),
(213,474912,113,4),
(214,475981,355,1),
(215,475981,15,1),
(216,475981,113,4),
(217,476195,355,3),
(218,476195,15,5),
(219,476195,113,1),
(220,479884,355,5),
(221,479884,15,3),
(222,479884,113,5),
(223,483476,355,3),
(224,483476,15,2),
(225,483476,113,5),
(226,485774,355,4),
(227,485774,15,1),
(228,485774,113,1),
(229,489776,355,4),
(230,489776,15,5),
(231,489776,113,1),
(232,501994,355,4),
(233,501994,15,1),
(234,501994,113,1),
(235,513080,355,3),
(236,513080,15,3),
(237,513080,113,3),
(238,526859,355,1),
(239,526859,15,2),
(240,526859,113,5),
(241,530126,355,4),
(242,530126,15,3),
(243,530126,113,4),
(244,535998,355,4),
(245,535998,15,5),
(246,535998,113,2),
(247,537407,355,1),
(248,537407,15,2),
(249,537407,113,1),
(250,546658,355,5),
(251,546658,15,5),
(252,546658,113,1),
(253,556189,355,3),
(254,556189,15,3),
(255,556189,113,5),
(256,557402,355,1),
(257,557402,15,3),
(258,557402,113,1),
(259,567103,355,3),
(260,567103,15,2),
(261,567103,113,3),
(262,567400,355,4),
(263,567400,15,5),
(264,567400,113,5),
(265,591808,355,3),
(266,591808,15,3),
(267,591808,113,3),
(268,593330,355,3),
(269,593330,15,5),
(270,593330,113,2),
(271,598594,355,5),
(272,598594,15,2),
(273,598594,113,3),
(274,599969,355,1),
(275,599969,15,1),
(276,599969,113,2),
(277,607296,355,4),
(278,607296,15,1),
(279,607296,113,3),
(280,615588,355,5),
(281,615588,15,5),
(282,615588,113,4),
(283,623010,355,2),
(284,623010,15,5),
(285,623010,113,3),
(286,627812,355,2),
(287,627812,15,3),
(288,627812,113,3),
(289,635068,355,5),
(290,635068,15,4),
(291,635068,113,1),
(292,635150,355,3),
(293,635150,15,1),
(294,635150,113,4),
(295,643843,355,4),
(296,643843,15,3),
(297,643843,113,3),
(298,646271,355,1),
(299,646271,15,3),
(300,646271,113,2),
(301,646694,355,1),
(302,646694,15,5),
(303,646694,113,4),
(304,656574,355,1),
(305,656574,15,1),
(306,656574,113,1),
(307,657488,355,3),
(308,657488,15,2),
(309,657488,113,4),
(310,657610,355,3),
(311,657610,15,5),
(312,657610,113,1),
(313,662370,355,4),
(314,662370,15,4),
(315,662370,113,5),
(316,674585,355,3),
(317,674585,15,5),
(318,674585,113,5),
(319,676649,355,2),
(320,676649,15,2),
(321,676649,113,5),
(322,685931,355,5),
(323,685931,15,1),
(324,685931,113,4),
(325,686329,355,5),
(326,686329,15,4),
(327,686329,113,1),
(328,688324,355,1),
(329,688324,15,2),
(330,688324,113,5),
(331,688863,355,1),
(332,688863,15,4),
(333,688863,113,4),
(334,692342,355,5),
(335,692342,15,3),
(336,692342,113,3),
(337,698543,355,5),
(338,698543,15,5),
(339,698543,113,5),
(340,702460,355,3),
(341,702460,15,2),
(342,702460,113,3),
(343,706721,355,2),
(344,706721,15,2),
(345,706721,113,4),
(346,714990,355,2),
(347,714990,15,5),
(348,714990,113,1),
(349,719997,355,2),
(350,719997,15,1),
(351,719997,113,2),
(352,721851,355,4),
(353,721851,15,1),
(354,721851,113,5),
(355,725426,355,2),
(356,725426,15,4),
(357,725426,113,4),
(358,726650,355,3),
(359,726650,15,5),
(360,726650,113,3),
(361,733662,355,3),
(362,733662,15,1),
(363,733662,113,4),
(364,743901,355,1),
(365,743901,15,2),
(366,743901,113,1),
(367,744770,355,1),
(368,744770,15,4),
(369,744770,113,1),
(370,751484,355,2),
(371,751484,15,5),
(372,751484,113,5),
(373,753573,355,1),
(374,753573,15,2),
(375,753573,113,5),
(376,757767,355,5),
(377,757767,15,3),
(378,757767,113,1),
(379,757854,355,4),
(380,757854,15,4),
(381,757854,113,3),
(382,764289,355,5),
(383,764289,15,3),
(384,764289,113,3),
(385,766347,355,3),
(386,766347,15,1),
(387,766347,113,3),
(388,766373,355,3),
(389,766373,15,1),
(390,766373,113,5),
(391,767536,355,5),
(392,767536,15,4),
(393,767536,113,3),
(394,787724,355,4),
(395,787724,15,1),
(396,787724,113,2),
(397,791353,355,4),
(398,791353,15,2),
(399,791353,113,1),
(400,803564,355,2),
(401,803564,15,3),
(402,803564,113,1),
(403,807137,355,5),
(404,807137,15,4),
(405,807137,113,3),
(406,807730,355,1),
(407,807730,15,2),
(408,807730,113,1),
(409,808396,355,4),
(410,808396,15,2),
(411,808396,113,3),
(412,818687,355,3),
(413,818687,15,1),
(414,818687,113,5),
(415,821130,355,2),
(416,821130,15,5),
(417,821130,113,1),
(418,841418,355,2),
(419,841418,15,2),
(420,841418,113,1),
(421,849988,355,1),
(422,849988,15,5),
(423,849988,113,3),
(424,866287,355,4),
(425,866287,15,1),
(426,866287,113,1),
(427,871515,355,3),
(428,871515,15,4),
(429,871515,113,3),
(430,871538,355,2),
(431,871538,15,4),
(432,871538,113,4),
(433,874749,355,4),
(434,874749,15,5),
(435,874749,113,4),
(436,878055,355,3),
(437,878055,15,1),
(438,878055,113,3),
(439,880688,355,2),
(440,880688,15,4),
(441,880688,113,3),
(442,883246,355,1),
(443,883246,15,3),
(444,883246,113,2),
(445,884051,355,4),
(446,884051,15,4),
(447,884051,113,2),
(448,886127,355,1),
(449,886127,15,1),
(450,886127,113,2),
(512,100854,290,5),
(513,100854,184,5),
(514,100854,66,4),
(515,100854,24,2),
(516,100854,10,5),
(517,115886,290,5),
(518,115886,184,5),
(519,115886,66,2),
(520,115886,24,2),
(521,115886,10,2),
(522,121264,290,4),
(523,121264,184,3),
(524,121264,66,2),
(525,121264,24,5),
(526,121264,10,5),
(527,122982,290,3),
(528,122982,184,1),
(529,122982,66,5),
(530,122982,24,4),
(531,122982,10,1),
(532,128473,290,2),
(533,128473,184,4),
(534,128473,66,2),
(535,128473,24,3),
(536,128473,10,2),
(537,129538,290,2),
(538,129538,184,3),
(539,129538,66,2),
(540,129538,24,5),
(541,129538,10,4),
(542,140269,290,2),
(543,140269,184,4),
(544,140269,66,2),
(545,140269,24,5),
(546,140269,10,3),
(547,148176,290,3),
(548,148176,184,4),
(549,148176,66,4),
(550,148176,24,3),
(551,148176,10,4),
(552,148267,290,4),
(553,148267,184,2),
(554,148267,66,1),
(555,148267,24,1),
(556,148267,10,4),
(557,149473,290,2),
(558,149473,184,2),
(559,149473,66,1),
(560,149473,24,2),
(561,149473,10,3),
(562,153661,290,1),
(563,153661,184,2),
(564,153661,66,1),
(565,153661,24,3),
(566,153661,10,2),
(567,155666,290,4),
(568,155666,184,3),
(569,155666,66,3),
(570,155666,24,2),
(571,155666,10,4),
(572,157855,290,4),
(573,157855,184,3),
(574,157855,66,1),
(575,157855,24,4),
(576,157855,10,4),
(577,159661,290,1),
(578,159661,184,5),
(579,159661,66,4),
(580,159661,24,1),
(581,159661,10,3),
(582,169215,290,2),
(583,169215,184,1),
(584,169215,66,4),
(585,169215,24,4),
(586,169215,10,2),
(587,169901,290,3),
(588,169901,184,1),
(589,169901,66,4),
(590,169901,24,2),
(591,169901,10,1),
(592,171915,290,1),
(593,171915,184,1),
(594,171915,66,4),
(595,171915,24,5),
(596,171915,10,1),
(597,173482,290,3),
(598,173482,184,5),
(599,173482,66,4),
(600,173482,24,5),
(601,173482,10,1),
(602,176719,290,4),
(603,176719,184,1),
(604,176719,66,3),
(605,176719,24,5),
(606,176719,10,5),
(607,179814,290,5),
(608,179814,184,1),
(609,179814,66,3),
(610,179814,24,3),
(611,179814,10,5),
(612,186485,290,4),
(613,186485,184,3),
(614,186485,66,4),
(615,186485,24,1),
(616,186485,10,1),
(617,198687,290,5),
(618,198687,184,5),
(619,198687,66,2),
(620,198687,24,3),
(621,198687,10,3),
(622,199959,290,1),
(623,199959,184,5),
(624,199959,66,1),
(625,199959,24,2),
(626,199959,10,4),
(627,205658,290,3),
(628,205658,184,5),
(629,205658,66,5),
(630,205658,24,4),
(631,205658,10,1),
(632,209611,290,1),
(633,209611,184,2),
(634,209611,66,2),
(635,209611,24,4),
(636,209611,10,2),
(637,227773,290,3),
(638,227773,184,4),
(639,227773,66,1),
(640,227773,24,1),
(641,227773,10,4),
(642,228508,290,5),
(643,228508,184,1),
(644,228508,66,2),
(645,228508,24,3),
(646,228508,10,5),
(647,230658,290,3),
(648,230658,184,5),
(649,230658,66,2),
(650,230658,24,1),
(651,230658,10,5),
(652,239582,290,5),
(653,239582,184,4),
(654,239582,66,2),
(655,239582,24,1),
(656,239582,10,4),
(657,249731,290,5),
(658,249731,184,3),
(659,249731,66,1),
(660,249731,24,4),
(661,249731,10,3),
(662,258021,290,1),
(663,258021,184,2),
(664,258021,66,5),
(665,258021,24,2),
(666,258021,10,2),
(667,263369,290,1),
(668,263369,184,5),
(669,263369,66,1),
(670,263369,24,1),
(671,263369,10,4),
(672,264135,290,4),
(673,264135,184,4),
(674,264135,66,4),
(675,264135,24,5),
(676,264135,10,5),
(677,268338,290,1),
(678,268338,184,1),
(679,268338,66,4),
(680,268338,24,3),
(681,268338,10,3),
(682,278077,290,4),
(683,278077,184,1),
(684,278077,66,3),
(685,278077,24,5),
(686,278077,10,5),
(687,286993,290,4),
(688,286993,184,1),
(689,286993,66,1),
(690,286993,24,5),
(691,286993,10,5),
(692,287200,290,2),
(693,287200,184,2),
(694,287200,66,4),
(695,287200,24,1),
(696,287200,10,4),
(697,297669,290,1),
(698,297669,184,2),
(699,297669,66,5),
(700,297669,24,4),
(701,297669,10,2),
(702,301053,290,5),
(703,301053,184,5),
(704,301053,66,1),
(705,301053,24,3),
(706,301053,10,3),
(707,308431,290,2),
(708,308431,184,2),
(709,308431,66,5),
(710,308431,24,1),
(711,308431,10,3),
(712,315502,290,4),
(713,315502,184,2),
(714,315502,66,4),
(715,315502,24,1),
(716,315502,10,3),
(717,317695,290,1),
(718,317695,184,3),
(719,317695,66,5),
(720,317695,24,2),
(721,317695,10,5),
(722,329814,290,3),
(723,329814,184,3),
(724,329814,66,2),
(725,329814,24,1),
(726,329814,10,1),
(727,329848,290,2),
(728,329848,184,5),
(729,329848,66,5),
(730,329848,24,4),
(731,329848,10,5),
(732,338590,290,4),
(733,338590,184,3),
(734,338590,66,5),
(735,338590,24,2),
(736,338590,10,1),
(737,343915,290,5),
(738,343915,184,4),
(739,343915,66,1),
(740,343915,24,5),
(741,343915,10,3),
(742,360485,290,5),
(743,360485,184,4),
(744,360485,66,2),
(745,360485,24,2),
(746,360485,10,2),
(747,366414,290,3),
(748,366414,184,4),
(749,366414,66,5),
(750,366414,24,2),
(751,366414,10,4),
(752,371067,290,5),
(753,371067,184,3),
(754,371067,66,4),
(755,371067,24,2),
(756,371067,10,5),
(757,374911,290,1),
(758,374911,184,5),
(759,374911,66,2),
(760,374911,24,5),
(761,374911,10,1),
(762,375109,290,2),
(763,375109,184,3),
(764,375109,66,2),
(765,375109,24,5),
(766,375109,10,3),
(767,377520,290,5),
(768,377520,184,2),
(769,377520,66,2),
(770,377520,24,5),
(771,377520,10,3),
(772,381321,290,4),
(773,381321,184,1),
(774,381321,66,1),
(775,381321,24,3),
(776,381321,10,5),
(777,383168,290,3),
(778,383168,184,2),
(779,383168,66,4),
(780,383168,24,2),
(781,383168,10,5),
(782,383873,290,1),
(783,383873,184,1),
(784,383873,66,5),
(785,383873,24,4),
(786,383873,10,1),
(787,387140,290,4),
(788,387140,184,3),
(789,387140,66,1),
(790,387140,24,4),
(791,387140,10,4),
(792,399523,290,5),
(793,399523,184,1),
(794,399523,66,1),
(795,399523,24,2),
(796,399523,10,3),
(797,401488,290,5),
(798,401488,184,4),
(799,401488,66,3),
(800,401488,24,4),
(801,401488,10,5),
(802,416642,290,2),
(803,416642,184,1),
(804,416642,66,4),
(805,416642,24,3),
(806,416642,10,1),
(807,424813,290,1),
(808,424813,184,4),
(809,424813,66,3),
(810,424813,24,1),
(811,424813,10,5),
(812,425287,290,1),
(813,425287,184,1),
(814,425287,66,2),
(815,425287,24,1),
(816,425287,10,3),
(817,429968,290,5),
(818,429968,184,1),
(819,429968,66,3),
(820,429968,24,4),
(821,429968,10,4),
(822,433189,290,5),
(823,433189,184,1),
(824,433189,66,4),
(825,433189,24,1),
(826,433189,10,2),
(827,440860,290,2),
(828,440860,184,4),
(829,440860,66,3),
(830,440860,24,3),
(831,440860,10,1),
(832,442942,290,2),
(833,442942,184,3),
(834,442942,66,5),
(835,442942,24,5),
(836,442942,10,2),
(837,445702,290,2),
(838,445702,184,5),
(839,445702,66,1),
(840,445702,24,2),
(841,445702,10,1),
(842,449129,290,5),
(843,449129,184,4),
(844,449129,66,2),
(845,449129,24,1),
(846,449129,10,5),
(847,467145,290,5),
(848,467145,184,3),
(849,467145,66,2),
(850,467145,24,1),
(851,467145,10,1),
(852,468525,290,2),
(853,468525,184,2),
(854,468525,66,3),
(855,468525,24,4),
(856,468525,10,2),
(857,470576,290,1),
(858,470576,184,4),
(859,470576,66,1),
(860,470576,24,2),
(861,470576,10,4),
(862,474912,290,2),
(863,474912,184,1),
(864,474912,66,3),
(865,474912,24,1),
(866,474912,10,2),
(867,475981,290,3),
(868,475981,184,5),
(869,475981,66,3),
(870,475981,24,2),
(871,475981,10,3),
(872,476195,290,5),
(873,476195,184,2),
(874,476195,66,5),
(875,476195,24,5),
(876,476195,10,5),
(877,479884,290,5),
(878,479884,184,5),
(879,479884,66,4),
(880,479884,24,3),
(881,479884,10,4),
(882,483476,290,4),
(883,483476,184,4),
(884,483476,66,1),
(885,483476,24,5),
(886,483476,10,1),
(887,485774,290,2),
(888,485774,184,5),
(889,485774,66,1),
(890,485774,24,1),
(891,485774,10,5),
(892,489776,290,2),
(893,489776,184,5),
(894,489776,66,3),
(895,489776,24,4),
(896,489776,10,4),
(897,501994,290,3),
(898,501994,184,4),
(899,501994,66,4),
(900,501994,24,4),
(901,501994,10,4),
(902,513080,290,4),
(903,513080,184,4),
(904,513080,66,5),
(905,513080,24,1),
(906,513080,10,3),
(907,526859,290,1),
(908,526859,184,5),
(909,526859,66,2),
(910,526859,24,2),
(911,526859,10,1),
(912,530126,290,2),
(913,530126,184,5),
(914,530126,66,5),
(915,530126,24,2),
(916,530126,10,3),
(917,535998,290,1),
(918,535998,184,4),
(919,535998,66,5),
(920,535998,24,5),
(921,535998,10,5),
(922,537407,290,2),
(923,537407,184,2),
(924,537407,66,1),
(925,537407,24,3),
(926,537407,10,1),
(927,546658,290,3),
(928,546658,184,1),
(929,546658,66,1),
(930,546658,24,4),
(931,546658,10,3),
(932,556189,290,1),
(933,556189,184,2),
(934,556189,66,2),
(935,556189,24,2),
(936,556189,10,5),
(937,557402,290,1),
(938,557402,184,3),
(939,557402,66,3),
(940,557402,24,3),
(941,557402,10,3),
(942,567103,290,1),
(943,567103,184,2),
(944,567103,66,1),
(945,567103,24,4),
(946,567103,10,5),
(947,567400,290,5),
(948,567400,184,3),
(949,567400,66,1),
(950,567400,24,3),
(951,567400,10,2),
(952,591808,290,2),
(953,591808,184,5),
(954,591808,66,1),
(955,591808,24,5),
(956,591808,10,1),
(957,593330,290,1),
(958,593330,184,4),
(959,593330,66,1),
(960,593330,24,5),
(961,593330,10,4),
(962,598594,290,5),
(963,598594,184,1),
(964,598594,66,1),
(965,598594,24,5),
(966,598594,10,2),
(967,599969,290,2),
(968,599969,184,5),
(969,599969,66,1),
(970,599969,24,3),
(971,599969,10,4),
(972,607296,290,3),
(973,607296,184,5),
(974,607296,66,4),
(975,607296,24,1),
(976,607296,10,2),
(977,615588,290,2),
(978,615588,184,4),
(979,615588,66,2),
(980,615588,24,3),
(981,615588,10,2),
(982,623010,290,4),
(983,623010,184,5),
(984,623010,66,5),
(985,623010,24,4),
(986,623010,10,4),
(987,627812,290,2),
(988,627812,184,2),
(989,627812,66,1),
(990,627812,24,3),
(991,627812,10,1),
(992,635068,290,3),
(993,635068,184,3),
(994,635068,66,2),
(995,635068,24,5),
(996,635068,10,5),
(997,635150,290,3),
(998,635150,184,1),
(999,635150,66,4),
(1000,635150,24,4),
(1001,635150,10,4),
(1002,643843,290,1),
(1003,643843,184,5),
(1004,643843,66,4),
(1005,643843,24,3),
(1006,643843,10,1),
(1007,646271,290,2),
(1008,646271,184,3),
(1009,646271,66,1),
(1010,646271,24,2),
(1011,646271,10,5),
(1012,646694,290,4),
(1013,646694,184,4),
(1014,646694,66,4),
(1015,646694,24,5),
(1016,646694,10,4),
(1017,656574,290,4),
(1018,656574,184,3),
(1019,656574,66,4),
(1020,656574,24,2),
(1021,656574,10,1),
(1022,657488,290,3),
(1023,657488,184,4),
(1024,657488,66,2),
(1025,657488,24,1),
(1026,657488,10,5),
(1027,657610,290,1),
(1028,657610,184,4),
(1029,657610,66,5),
(1030,657610,24,5),
(1031,657610,10,4),
(1032,662370,290,5),
(1033,662370,184,2),
(1034,662370,66,3),
(1035,662370,24,1),
(1036,662370,10,3),
(1037,674585,290,4),
(1038,674585,184,4),
(1039,674585,66,3),
(1040,674585,24,4),
(1041,674585,10,3),
(1042,676649,290,5),
(1043,676649,184,1),
(1044,676649,66,1),
(1045,676649,24,3),
(1046,676649,10,1),
(1047,685931,290,4),
(1048,685931,184,3),
(1049,685931,66,4),
(1050,685931,24,5),
(1051,685931,10,1),
(1052,686329,290,1),
(1053,686329,184,2),
(1054,686329,66,1),
(1055,686329,24,2),
(1056,686329,10,1),
(1057,688324,290,4),
(1058,688324,184,4),
(1059,688324,66,4),
(1060,688324,24,5),
(1061,688324,10,2),
(1062,688863,290,3),
(1063,688863,184,4),
(1064,688863,66,3),
(1065,688863,24,5),
(1066,688863,10,1),
(1067,692342,290,5),
(1068,692342,184,2),
(1069,692342,66,3),
(1070,692342,24,2),
(1071,692342,10,3),
(1072,698543,290,2),
(1073,698543,184,3),
(1074,698543,66,2),
(1075,698543,24,1),
(1076,698543,10,4),
(1077,702460,290,5),
(1078,702460,184,4),
(1079,702460,66,3),
(1080,702460,24,3),
(1081,702460,10,1),
(1082,706721,290,2),
(1083,706721,184,1),
(1084,706721,66,3),
(1085,706721,24,1),
(1086,706721,10,5),
(1087,714990,290,1),
(1088,714990,184,2),
(1089,714990,66,5),
(1090,714990,24,1),
(1091,714990,10,1),
(1092,719997,290,2),
(1093,719997,184,2),
(1094,719997,66,2),
(1095,719997,24,1),
(1096,719997,10,3),
(1097,721851,290,4),
(1098,721851,184,2),
(1099,721851,66,4),
(1100,721851,24,1),
(1101,721851,10,3),
(1102,725426,290,1),
(1103,725426,184,5),
(1104,725426,66,2),
(1105,725426,24,5),
(1106,725426,10,4),
(1107,726650,290,4),
(1108,726650,184,2),
(1109,726650,66,3),
(1110,726650,24,3),
(1111,726650,10,3),
(1112,733662,290,3),
(1113,733662,184,2),
(1114,733662,66,5),
(1115,733662,24,4),
(1116,733662,10,3),
(1117,743901,290,3),
(1118,743901,184,2),
(1119,743901,66,5),
(1120,743901,24,4),
(1121,743901,10,4),
(1122,744770,290,2),
(1123,744770,184,1),
(1124,744770,66,5),
(1125,744770,24,2),
(1126,744770,10,4),
(1127,751484,290,2),
(1128,751484,184,2),
(1129,751484,66,1),
(1130,751484,24,1),
(1131,751484,10,3),
(1132,753573,290,1),
(1133,753573,184,5),
(1134,753573,66,2),
(1135,753573,24,1),
(1136,753573,10,4),
(1137,757767,290,1),
(1138,757767,184,5),
(1139,757767,66,4),
(1140,757767,24,2),
(1141,757767,10,1),
(1142,757854,290,5),
(1143,757854,184,2),
(1144,757854,66,2),
(1145,757854,24,5),
(1146,757854,10,2),
(1147,764289,290,2),
(1148,764289,184,1),
(1149,764289,66,2),
(1150,764289,24,4),
(1151,764289,10,1),
(1152,766347,290,4),
(1153,766347,184,1),
(1154,766347,66,2),
(1155,766347,24,1),
(1156,766347,10,1),
(1157,766373,290,5),
(1158,766373,184,1),
(1159,766373,66,5),
(1160,766373,24,5),
(1161,766373,10,4),
(1162,767536,290,3),
(1163,767536,184,1),
(1164,767536,66,1),
(1165,767536,24,1),
(1166,767536,10,5),
(1167,787724,290,1),
(1168,787724,184,1),
(1169,787724,66,1),
(1170,787724,24,5),
(1171,787724,10,2),
(1172,791353,290,1),
(1173,791353,184,3),
(1174,791353,66,3),
(1175,791353,24,3),
(1176,791353,10,2),
(1177,803564,290,1),
(1178,803564,184,2),
(1179,803564,66,2),
(1180,803564,24,2),
(1181,803564,10,1),
(1182,807137,290,3),
(1183,807137,184,2),
(1184,807137,66,5),
(1185,807137,24,5),
(1186,807137,10,2),
(1187,807730,290,1),
(1188,807730,184,3),
(1189,807730,66,2),
(1190,807730,24,2),
(1191,807730,10,1),
(1192,808396,290,1),
(1193,808396,184,2),
(1194,808396,66,4),
(1195,808396,24,1),
(1196,808396,10,2),
(1197,818687,290,2),
(1198,818687,184,2),
(1199,818687,66,3),
(1200,818687,24,3),
(1201,818687,10,2),
(1202,821130,290,4),
(1203,821130,184,2),
(1204,821130,66,1),
(1205,821130,24,5),
(1206,821130,10,5),
(1207,841418,290,2),
(1208,841418,184,5),
(1209,841418,66,1),
(1210,841418,24,1),
(1211,841418,10,3),
(1212,849988,290,3),
(1213,849988,184,1),
(1214,849988,66,5),
(1215,849988,24,4),
(1216,849988,10,1),
(1217,866287,290,1),
(1218,866287,184,2),
(1219,866287,66,5),
(1220,866287,24,5),
(1221,866287,10,2),
(1222,871515,290,2),
(1223,871515,184,4),
(1224,871515,66,4),
(1225,871515,24,2),
(1226,871515,10,4),
(1227,871538,290,3),
(1228,871538,184,1),
(1229,871538,66,1),
(1230,871538,24,3),
(1231,871538,10,5),
(1232,874749,290,5),
(1233,874749,184,5),
(1234,874749,66,4),
(1235,874749,24,5),
(1236,874749,10,1),
(1237,878055,290,1),
(1238,878055,184,1),
(1239,878055,66,2),
(1240,878055,24,1),
(1241,878055,10,5),
(1242,880688,290,1),
(1243,880688,184,5),
(1244,880688,66,3),
(1245,880688,24,3),
(1246,880688,10,1),
(1247,883246,290,1),
(1248,883246,184,2),
(1249,883246,66,4),
(1250,883246,24,2),
(1251,883246,10,5),
(1252,884051,290,5),
(1253,884051,184,5),
(1254,884051,66,3),
(1255,884051,24,4),
(1256,884051,10,5),
(1257,886127,290,5),
(1258,886127,184,5),
(1259,886127,66,3),
(1260,886127,24,5),
(1261,886127,10,2);
/*!40000 ALTER TABLE `ratings` ENABLE KEYS */;
UNLOCK TABLES;

--
-- Table structure for table `reservation`
--

DROP TABLE IF EXISTS `reservation`;
/*!40101 SET @saved_cs_client     = @@character_set_client */;
/*!40101 SET character_set_client = utf8 */;
CREATE TABLE `reservation` (
  `reservation_id` int(11) NOT NULL AUTO_INCREMENT,
  `book_id` int(11) NOT NULL,
  `user_id` int(11) NOT NULL,
  `reservation_status` tinyint(1) NOT NULL DEFAULT 0,
  `reservation_date` datetime DEFAULT NULL,
  `borrow_date` datetime DEFAULT NULL,
  `expected_date` datetime DEFAULT NULL,
  `return_date` datetime DEFAULT NULL,
  `is_approved` tinyint(1) DEFAULT 0,
  `school_id` int(11) NOT NULL,
  PRIMARY KEY (`reservation_id`),
  KEY `book_id` (`book_id`),
  KEY `user_id` (`user_id`),
  CONSTRAINT `reservation_ibfk_1` FOREIGN KEY (`book_id`) REFERENCES `book` (`ISBN`),
  CONSTRAINT `reservation_ibfk_2` FOREIGN KEY (`user_id`) REFERENCES `user` (`id`)
) ENGINE=InnoDB AUTO_INCREMENT=58 DEFAULT CHARSET=utf8mb4 COLLATE=utf8mb4_general_ci;
/*!40101 SET character_set_client = @saved_cs_client */;

--
-- Dumping data for table `reservation`
--

LOCK TABLES `reservation` WRITE;
/*!40000 ALTER TABLE `reservation` DISABLE KEYS */;
INSERT INTO `reservation` VALUES
(1,440860,337,1,'2023-05-23 00:00:00','2023-05-23 00:00:00','2023-05-30 00:00:00','2023-05-28 00:00:00',1,3),
(2,821130,361,1,'2023-05-23 00:00:00','2023-05-23 00:00:00','2023-05-30 00:00:00','2023-05-28 00:00:00',1,2),
(3,338590,3,1,'2023-05-23 00:00:00','2023-05-23 00:00:00','2023-05-30 00:00:00','2023-05-28 00:00:00',1,1),
(4,122982,288,1,'2023-05-23 00:00:00','2023-05-23 00:00:00','2023-05-30 00:00:00','2023-05-28 00:00:00',1,1),
(5,662370,160,1,'2023-05-23 00:00:00','2023-05-23 00:00:00','2023-05-30 00:00:00','2023-05-28 00:00:00',1,2),
(6,702460,114,1,'2023-05-23 00:00:00','2023-05-23 00:00:00','2023-05-30 00:00:00','2023-05-28 00:00:00',1,1),
(7,757767,340,1,'2023-05-23 00:00:00','2023-05-23 00:00:00','2023-05-30 00:00:00','2023-05-28 00:00:00',1,3),
(8,607296,271,1,'2023-05-23 00:00:00','2023-05-23 00:00:00','2023-05-30 00:00:00','2023-05-28 00:00:00',1,1),
(9,157855,223,1,'2023-05-23 00:00:00','2023-05-23 00:00:00','2023-05-30 00:00:00','2023-05-28 00:00:00',1,3),
(10,264135,101,1,'2023-05-23 00:00:00','2023-05-23 00:00:00','2023-05-30 00:00:00','2023-05-28 00:00:00',1,2),
(11,537407,327,1,'2023-05-24 00:00:00','2023-05-24 00:00:00','2023-05-31 00:00:00','2023-05-29 00:00:00',1,3),
(12,556189,218,1,'2023-05-24 00:00:00','2023-05-24 00:00:00','2023-05-31 00:00:00','2023-05-29 00:00:00',1,1),
(13,467145,24,1,'2023-05-24 00:00:00','2023-05-24 00:00:00','2023-05-31 00:00:00','2023-05-29 00:00:00',1,1),
(14,115886,285,1,'2023-05-24 00:00:00','2023-05-24 00:00:00','2023-05-31 00:00:00','2023-05-29 00:00:00',1,3),
(15,268338,163,1,'2023-05-24 00:00:00','2023-05-24 00:00:00','2023-05-31 00:00:00','2023-05-29 00:00:00',1,1),
(16,807730,185,1,'2023-05-24 00:00:00','2023-05-24 00:00:00','2023-05-31 00:00:00','2023-05-29 00:00:00',1,1),
(17,501994,223,1,'2023-05-24 00:00:00','2023-05-24 00:00:00','2023-05-31 00:00:00','2023-05-29 00:00:00',1,1),
(18,635068,219,1,'2023-05-24 00:00:00','2023-05-24 00:00:00','2023-05-31 00:00:00','2023-05-29 00:00:00',1,2),
(19,646271,123,1,'2023-05-24 00:00:00','2023-05-24 00:00:00','2023-05-31 00:00:00','2023-05-29 00:00:00',1,1),
(20,425287,73,1,'2023-05-24 00:00:00','2023-05-24 00:00:00','2023-05-31 00:00:00','2023-05-29 00:00:00',1,2),
(21,537407,137,1,'2023-05-25 00:00:00','2023-05-25 00:00:00','2023-06-01 00:00:00','2023-06-03 00:00:00',1,2),
(22,239582,230,1,'2023-05-25 00:00:00','2023-05-25 00:00:00','2023-06-01 00:00:00','2023-06-03 00:00:00',1,1),
(23,598594,131,1,'2023-05-25 00:00:00','2023-05-25 00:00:00','2023-06-01 00:00:00','2023-06-03 00:00:00',1,3),
(24,121264,269,1,'2023-05-25 00:00:00','2023-05-25 00:00:00','2023-06-01 00:00:00','2023-06-03 00:00:00',1,1),
(25,537407,24,1,'2023-05-25 00:00:00','2023-05-25 00:00:00','2023-06-01 00:00:00','2023-06-03 00:00:00',1,1),
(26,425287,259,1,'2023-05-25 00:00:00','2023-05-25 00:00:00','2023-06-01 00:00:00','2023-06-03 00:00:00',1,1),
(27,148267,211,1,'2023-05-25 00:00:00','2023-05-25 00:00:00','2023-06-01 00:00:00','2023-06-03 00:00:00',1,1),
(28,374911,127,1,'2023-05-25 00:00:00','2023-05-25 00:00:00','2023-06-01 00:00:00','2023-06-03 00:00:00',1,1),
(29,807730,99,1,'2023-05-25 00:00:00','2023-05-25 00:00:00','2023-06-01 00:00:00','2023-06-03 00:00:00',1,1),
(30,766347,291,1,'2023-05-25 00:00:00','2023-05-25 00:00:00','2023-06-01 00:00:00','2023-06-03 00:00:00',1,2),
(31,546658,382,1,'2023-05-26 00:00:00','2023-05-26 00:00:00','2023-06-02 00:00:00','2023-06-05 00:00:00',1,1),
(32,808396,392,1,'2023-05-26 00:00:00','2023-05-26 00:00:00','2023-06-02 00:00:00','2023-06-05 00:00:00',1,1),
(33,874749,279,1,'2023-05-26 00:00:00','2023-05-26 00:00:00','2023-06-02 00:00:00','2023-06-05 00:00:00',1,2),
(34,753573,308,1,'2023-05-26 00:00:00','2023-05-26 00:00:00','2023-06-02 00:00:00','2023-06-05 00:00:00',1,3),
(35,433189,384,1,'2023-05-26 00:00:00','2023-05-26 00:00:00','2023-06-02 00:00:00','2023-06-05 00:00:00',1,2),
(36,467145,20,1,'2023-05-26 00:00:00','2023-05-26 00:00:00','2023-06-02 00:00:00','2023-06-05 00:00:00',1,3),
(37,198687,4,1,'2023-05-26 00:00:00','2023-05-26 00:00:00','2023-06-02 00:00:00','2023-06-05 00:00:00',1,1),
(38,375109,233,1,'2023-05-26 00:00:00','2023-05-26 00:00:00','2023-06-02 00:00:00','2023-06-05 00:00:00',1,3),
(39,169215,303,1,'2023-05-26 00:00:00','2023-05-26 00:00:00','2023-06-02 00:00:00','2023-06-05 00:00:00',1,2),
(40,686329,349,1,'2023-05-26 00:00:00','2023-05-26 00:00:00','2023-06-02 00:00:00','2023-06-05 00:00:00',1,3),
(41,662370,400,0,'2023-05-27 00:00:00',NULL,NULL,NULL,0,1),
(42,841418,380,0,'2023-05-27 00:00:00',NULL,NULL,NULL,0,1),
(43,513080,256,0,'2023-05-27 00:00:00',NULL,NULL,NULL,0,2),
(44,227773,282,0,'2023-05-27 00:00:00',NULL,NULL,NULL,0,3),
(45,467145,37,0,'2023-05-27 00:00:00',NULL,NULL,NULL,0,1),
(46,199959,109,0,'2023-05-27 00:00:00',NULL,NULL,NULL,0,1),
(47,766347,289,0,'2023-05-27 00:00:00',NULL,NULL,NULL,0,2),
(48,513080,213,0,'2023-05-27 00:00:00',NULL,NULL,NULL,0,3),
(49,199959,392,0,'2023-05-27 00:00:00',NULL,NULL,NULL,0,1),
(50,787724,282,0,'2023-05-27 00:00:00',NULL,NULL,NULL,0,3),
(51,646271,380,1,'2023-01-01 00:00:00','2023-01-04 00:00:00','2023-01-11 00:00:00','2023-01-05 00:00:00',1,1),
(52,646271,363,1,'2023-01-01 00:00:00','2023-01-04 00:00:00','2023-01-11 00:00:00','2023-01-05 00:00:00',1,1),
(53,646271,361,1,'2023-01-01 00:00:00','2023-01-04 00:00:00','2023-01-11 00:00:00','2023-01-05 00:00:00',1,1),
(54,646271,250,1,'2023-01-01 00:00:00','2023-01-04 00:00:00','2023-01-11 00:00:00','2023-01-05 00:00:00',1,1),
(55,646271,392,1,'2023-01-01 00:00:00','2023-01-04 00:00:00','2023-01-11 00:00:00','2023-01-05 00:00:00',1,1),
(56,329848,392,1,'2023-01-01 00:00:00','2023-01-04 00:00:00','2023-01-11 00:00:00','2023-01-05 00:00:00',1,1),
(57,100854,405,0,'2023-05-29 00:00:00',NULL,NULL,NULL,0,1);
/*!40000 ALTER TABLE `reservation` ENABLE KEYS */;
UNLOCK TABLES;

--
-- Table structure for table `role`
--

DROP TABLE IF EXISTS `role`;
/*!40101 SET @saved_cs_client     = @@character_set_client */;
/*!40101 SET character_set_client = utf8 */;
CREATE TABLE `role` (
  `id` int(11) NOT NULL AUTO_INCREMENT,
  `user_id` int(11) NOT NULL,
  `role` int(1) NOT NULL DEFAULT 0,
  PRIMARY KEY (`id`),
  UNIQUE KEY `user_id` (`user_id`),
  CONSTRAINT `role_ibfk_1` FOREIGN KEY (`user_id`) REFERENCES `user` (`id`)
) ENGINE=InnoDB AUTO_INCREMENT=514 DEFAULT CHARSET=utf8mb4 COLLATE=utf8mb4_general_ci;
/*!40101 SET character_set_client = @saved_cs_client */;

--
-- Dumping data for table `role`
--

LOCK TABLES `role` WRITE;
/*!40000 ALTER TABLE `role` DISABLE KEYS */;
INSERT INTO `role` VALUES
(1,1,1),
(2,2,1),
(3,3,1),
(4,4,1),
(5,5,1),
(6,6,1),
(7,7,1),
(8,8,1),
(9,9,1),
(10,10,1),
(11,11,1),
(12,12,1),
(13,13,1),
(14,14,1),
(15,15,1),
(16,16,1),
(17,17,1),
(18,18,1),
(19,19,1),
(20,20,1),
(21,21,1),
(22,22,1),
(23,23,1),
(24,24,1),
(25,25,1),
(26,26,1),
(27,27,1),
(28,28,1),
(29,29,1),
(30,30,1),
(31,31,1),
(32,32,1),
(33,33,1),
(34,34,1),
(35,35,1),
(36,36,1),
(37,37,1),
(38,38,1),
(39,39,1),
(40,40,1),
(41,41,1),
(42,42,1),
(43,43,1),
(44,44,1),
(45,45,1),
(46,46,1),
(47,47,1),
(48,48,1),
(49,49,1),
(50,50,1),
(51,51,1),
(52,52,1),
(53,53,1),
(54,54,1),
(55,55,1),
(56,56,1),
(57,57,1),
(58,58,1),
(59,59,1),
(60,60,1),
(61,61,1),
(62,62,1),
(63,63,1),
(64,64,1),
(65,65,1),
(66,66,1),
(67,67,1),
(68,68,1),
(69,69,1),
(70,70,1),
(71,71,1),
(72,72,1),
(73,73,1),
(74,74,1),
(75,75,1),
(76,76,1),
(77,77,1),
(78,78,1),
(79,79,1),
(80,80,1),
(81,81,1),
(82,82,1),
(83,83,1),
(84,84,1),
(85,85,1),
(86,86,1),
(87,87,1),
(88,88,1),
(89,89,1),
(90,90,1),
(91,91,1),
(92,92,1),
(93,93,1),
(94,94,1),
(95,95,1),
(96,96,1),
(97,97,1),
(98,98,1),
(99,99,1),
(100,100,1),
(101,101,1),
(102,102,1),
(103,103,1),
(104,104,1),
(105,105,1),
(106,106,1),
(107,107,1),
(108,108,1),
(109,109,1),
(110,110,1),
(111,111,1),
(112,112,1),
(113,113,1),
(114,114,1),
(115,115,1),
(116,116,1),
(117,117,1),
(118,118,1),
(119,119,1),
(120,120,1),
(121,121,1),
(122,122,1),
(123,123,1),
(124,124,1),
(125,125,1),
(126,126,1),
(127,127,1),
(128,128,1),
(129,129,1),
(130,130,1),
(131,131,1),
(132,132,1),
(133,133,1),
(134,134,1),
(135,135,1),
(136,136,1),
(137,137,1),
(138,138,1),
(139,139,1),
(140,140,1),
(141,141,1),
(142,142,1),
(143,143,1),
(144,144,1),
(145,145,1),
(146,146,1),
(147,147,1),
(148,148,1),
(149,149,1),
(150,150,1),
(151,151,1),
(152,152,1),
(153,153,1),
(154,154,1),
(155,155,1),
(156,156,1),
(157,157,1),
(158,158,1),
(159,159,1),
(160,160,1),
(161,161,1),
(162,162,1),
(163,163,1),
(164,164,1),
(165,165,1),
(166,166,1),
(167,167,1),
(168,168,1),
(169,169,1),
(170,170,1),
(171,171,1),
(172,172,1),
(173,173,1),
(174,174,1),
(175,175,1),
(176,176,1),
(177,177,1),
(178,178,1),
(179,179,1),
(180,180,1),
(181,181,1),
(182,182,1),
(183,183,1),
(184,184,1),
(185,185,1),
(186,186,1),
(187,187,1),
(188,188,1),
(189,189,1),
(190,190,1),
(191,191,1),
(192,192,1),
(193,193,1),
(194,194,1),
(195,195,1),
(196,196,1),
(197,197,1),
(198,198,1),
(199,199,1),
(200,200,1),
(201,201,1),
(202,202,1),
(203,203,1),
(204,204,1),
(205,205,1),
(206,206,1),
(207,207,1),
(208,208,1),
(209,209,1),
(210,210,1),
(211,211,1),
(212,212,1),
(213,213,1),
(214,214,1),
(215,215,1),
(216,216,1),
(217,217,1),
(218,218,1),
(219,219,1),
(220,220,1),
(221,221,1),
(222,222,1),
(223,223,1),
(224,224,1),
(225,225,1),
(226,226,1),
(227,227,1),
(228,228,1),
(229,229,1),
(230,230,1),
(231,231,1),
(232,232,1),
(233,233,1),
(234,234,1),
(235,235,1),
(236,236,1),
(237,237,1),
(238,238,1),
(239,239,1),
(240,240,1),
(241,241,1),
(242,242,1),
(243,243,1),
(244,244,1),
(245,245,1),
(246,246,1),
(247,247,1),
(248,248,1),
(249,249,1),
(250,250,1),
(251,251,1),
(252,252,1),
(253,253,1),
(254,254,1),
(255,255,1),
(256,256,1),
(257,257,1),
(258,258,1),
(259,259,1),
(260,260,1),
(261,261,1),
(262,262,1),
(263,263,1),
(264,264,1),
(265,265,1),
(266,266,1),
(267,267,1),
(268,268,1),
(269,269,1),
(270,270,1),
(271,271,1),
(272,272,1),
(273,273,1),
(274,274,1),
(275,275,1),
(276,276,1),
(277,277,1),
(278,278,1),
(279,279,1),
(280,280,1),
(281,281,1),
(282,282,1),
(283,283,1),
(284,284,1),
(285,285,1),
(286,286,1),
(287,287,1),
(288,288,1),
(289,289,1),
(290,290,1),
(291,291,1),
(292,292,1),
(293,293,1),
(294,294,1),
(295,295,1),
(296,296,1),
(297,297,1),
(298,298,1),
(299,299,1),
(300,300,1),
(301,301,1),
(302,302,1),
(303,303,1),
(304,304,1),
(305,305,1),
(306,306,1),
(307,307,1),
(308,308,1),
(309,309,1),
(310,310,1),
(311,311,1),
(312,312,1),
(313,313,1),
(314,314,1),
(315,315,1),
(316,316,1),
(317,317,1),
(318,318,1),
(319,319,1),
(320,320,1),
(321,321,1),
(322,322,1),
(323,323,1),
(324,324,1),
(325,325,1),
(326,326,1),
(327,327,1),
(328,328,1),
(329,329,1),
(330,330,1),
(331,331,1),
(332,332,1),
(333,333,1),
(334,334,1),
(335,335,1),
(336,336,1),
(337,337,1),
(338,338,1),
(339,339,1),
(340,340,1),
(341,341,1),
(342,342,1),
(343,343,1),
(344,344,1),
(345,345,1),
(346,346,1),
(347,347,1),
(348,348,1),
(349,349,1),
(350,350,1),
(351,351,1),
(352,352,1),
(353,353,1),
(354,354,1),
(355,355,1),
(356,356,2),
(357,357,2),
(358,358,2),
(359,359,2),
(360,360,2),
(361,361,2),
(362,362,2),
(363,363,2),
(364,364,2),
(365,365,2),
(366,366,2),
(367,367,2),
(368,368,2),
(369,369,2),
(370,370,2),
(371,371,2),
(372,372,2),
(373,373,2),
(374,374,2),
(375,375,2),
(376,376,2),
(377,377,2),
(378,378,2),
(379,379,2),
(380,380,2),
(381,381,2),
(382,382,2),
(383,383,2),
(384,384,2),
(385,385,2),
(386,386,2),
(387,387,2),
(388,388,2),
(389,389,2),
(390,390,2),
(391,391,2),
(392,392,2),
(393,393,2),
(394,394,2),
(395,395,2),
(396,396,2),
(397,397,2),
(398,398,2),
(399,399,2),
(400,400,3),
(401,401,3),
(402,402,3),
(512,403,4),
(513,405,1);
/*!40000 ALTER TABLE `role` ENABLE KEYS */;
UNLOCK TABLES;

--
-- Table structure for table `school`
--

DROP TABLE IF EXISTS `school`;
/*!40101 SET @saved_cs_client     = @@character_set_client */;
/*!40101 SET character_set_client = utf8 */;
CREATE TABLE `school` (
  `id` int(11) NOT NULL AUTO_INCREMENT,
  `name` varchar(50) NOT NULL,
  `city` varchar(50) NOT NULL,
  `phone` int(11) NOT NULL,
  `email` varchar(50) NOT NULL,
  `director_name` varchar(50) NOT NULL,
  `admin_name` varchar(50) NOT NULL,
  PRIMARY KEY (`id`)
) ENGINE=InnoDB AUTO_INCREMENT=4 DEFAULT CHARSET=utf8mb4 COLLATE=utf8mb4_general_ci;
/*!40101 SET character_set_client = @saved_cs_client */;

--
-- Dumping data for table `school`
--

LOCK TABLES `school` WRITE;
/*!40000 ALTER TABLE `school` DISABLE KEYS */;
INSERT INTO `school` VALUES
(1,'school1','athens',2105324611,'school1@gmail.com','kyriakopoulos','loupo'),
(2,'school2','athens',2105326922,'school2@gmail.com','sotiropoulos','koulis'),
(3,'school3','athens',2105324333,'school3@gmail.com','liropoulos','papadakis');
/*!40000 ALTER TABLE `school` ENABLE KEYS */;
UNLOCK TABLES;

--
-- Table structure for table `user`
--

DROP TABLE IF EXISTS `user`;
/*!40101 SET @saved_cs_client     = @@character_set_client */;
/*!40101 SET character_set_client = utf8 */;
CREATE TABLE `user` (
  `id` int(11) NOT NULL AUTO_INCREMENT,
  `username` varchar(20) NOT NULL,
  `password` varchar(10) NOT NULL,
  `num_books` int(11) NOT NULL DEFAULT 0,
  `active` tinyint(1) NOT NULL DEFAULT 1,
  `last_name` varchar(50) NOT NULL,
  `first_name` varchar(50) NOT NULL,
  `age` int(3) NOT NULL,
  PRIMARY KEY (`id`)
) ENGINE=InnoDB AUTO_INCREMENT=406 DEFAULT CHARSET=utf8mb4 COLLATE=utf8mb4_general_ci;
/*!40101 SET character_set_client = @saved_cs_client */;

--
-- Dumping data for table `user`
--

LOCK TABLES `user` WRITE;
/*!40000 ALTER TABLE `user` DISABLE KEYS */;
INSERT INTO `user` VALUES
(1,'wspinige5','kMFNewGgQn',0,1,'Spinige','Judicaël',14),
(2,'cmcgreal6','fx2Ajlagcl',0,1,'McGreal','Clémentine',12),
(3,'hdaly8','5CxydD0',0,1,'Daly','Néhémie',18),
(4,'mfoulis9','6lOF4GD',0,1,'Foulis','Estée',8),
(5,'mchatwina','mgwKkxQ',0,1,'Chatwin','Gaïa',14),
(6,'cklimochkinb','Ebm4GTpV',0,1,'Klimochkin','Pål',6),
(7,'rmarquissc','gcl91lsf',0,1,'Marquiss','Torbjörn',8),
(8,'dperrycostd','Lh1ZRmPb',0,1,'Perrycost','Dù',11),
(9,'bkoppelmanne','T8q7YQ',0,1,'Koppelmann','Pélagie',6),
(10,'cdeattah','ThahGLA',0,1,'De Atta','Clélia',7),
(11,'rhackletoni','bg9Xkk',0,1,'Hackleton','Erwéi',7),
(12,'dleesonj','Wczjg3dK',0,1,'Leeson','Mégane',15),
(13,'rfearesk','ChYR8gs6iJ',0,1,'Feares','Geneviève',10),
(14,'ebeasleighn','9ZxXLdgae',0,1,'Beasleigh','Börje',18),
(15,'alieberr','OKBoD9c4Ur',0,1,'Lieber','Thérèsa',10),
(16,'mpalias','ndNy6vZ',0,1,'Palia','Gaétane',5),
(17,'rpiatekt','ia6u74g',0,1,'Piatek','Stévina',10),
(18,'phalleru','xIh1td',0,1,'Haller','Stévina',18),
(19,'hmarenv','TMNWrjPRtW',0,1,'Maren','Camélia',10),
(20,'amcgrudderw','dkIcdw',0,1,'McGrudder','Noémie',17),
(21,'kseinty','oIoJB1S8',0,1,'Seint','Loïca',11),
(22,'bheddon11','7vgljf',0,1,'Heddon','Illustrée',5),
(23,'lbevington12','fLW6ImIn',0,1,'Bevington','Nélie',14),
(24,'fjack13','KWX1R0r00M',0,1,'Jack','Pénélope',15),
(25,'ctunsley15','BU0PbMG19H',0,1,'Tunsley','Marie-noël',10),
(26,'barendsen16','Ba7UuGv1',0,1,'Arendsen','Adèle',18),
(27,'jsteiner17','nzUuBA',0,1,'Steiner','Maëlla',7),
(28,'misenor18','HZJfED',0,1,'Isenor','Tán',13),
(29,'cgreve19','dWzQmJW',0,1,'Greve','Léone',10),
(30,'gwolledge1a','FNDZuis',0,1,'Wolledge','Desirée',6),
(31,'rdevenish1b','G9PlDQ4RoW',0,1,'Devenish','Anaé',7),
(32,'rsaxon1d','1AJWrl',0,1,'Saxon','Marie-ève',17),
(33,'mpellew1e','4MVK0f',0,1,'Pellew','Maï',12),
(34,'tdinsmore1f','IkvXNvphw',0,1,'Dinsmore','Lucrèce',15),
(35,'hhaffner1g','0WlXp2Wfe',0,1,'Haffner','Marie-ève',7),
(36,'mottley1i','4R3NCly',0,1,'Ottley','Josée',18),
(37,'gbalnaves1j','hh0j7cS',0,1,'Balnaves','Yè',12),
(38,'cdade1k','82t4P8R',0,1,'Dade','Eléa',5),
(39,'gtarney1l','uS77kUKQ',0,1,'Tarney','Wá',9),
(40,'rstanyer1p','RpJlEzBa',0,1,'Stanyer','Lucrèce',11),
(41,'evaggers1t','tCktfeeoRD',0,1,'Vaggers','Liè',8),
(42,'mmarquiss1v','2ExEYzGKl',0,1,'Marquiss','Torbjörn',8),
(43,'kdreossi1x','3CQoHRfA',0,1,'Dreossi','Marie-josée',15),
(44,'mmetzig1y','vPeus0F3',0,1,'Metzig','Marie-josée',12),
(45,'krustich1z','7qz3afoR0f',0,1,'Rustich','Marie-françoise',12),
(46,'oclever20','ovR0pKXH',0,1,'Clever','Andrée',16),
(47,'cgratten21','Zlb4WJ',0,1,'Gratten','Uò',11),
(48,'flomax22','NB9USkVV1',0,1,'Lomax','Bérangère',18),
(49,'cbonsul23','0buz94Je',0,1,'Bonsul','Åsa',6),
(50,'lhalgarth24','EOPXN6B20',0,1,'Halgarth','Amélie',7),
(51,'lrobke25','37NIDzfHA',0,1,'Robke','Stévina',7),
(52,'ydwane26','UvVLgOW',0,1,'Dwane','Edmée',18),
(53,'dcorzon27','QG1221h5q',0,1,'Corzon','Alizée',10),
(54,'qgreenside28','BYsVC7YYU',0,1,'Greenside','Pélagie',5),
(55,'tgoldby29','oruKko3',0,1,'Goldby','Sòng',17),
(56,'tkilliam2a','PjEBs8',0,1,'Killiam','Mahélie',13),
(57,'cokeenan2c','UWBId7i',0,1,'O\'Keenan','Estée',8),
(58,'jedmeades2d','G37lZSEynT',0,1,'Edmeades','Marylène',13),
(59,'ekrier2f','AkqZGH2LI',0,1,'Krier','Eliès',7),
(60,'xbewlay2g','xLmEg0f',0,1,'Bewlay','Lyséa',11),
(61,'trobb2h','w8kZOE7ZL',0,1,'Robb','Eugénie',5),
(62,'pproffer2i','IVC83Pt',0,1,'Proffer','Renée',7),
(63,'vtomasian2n','stbMCJDpqh',0,1,'Tomasian','Clémentine',17),
(64,'crunnalls2o','YQA2PHWiNN',0,1,'Runnalls','Liè',17),
(65,'kcarpe2p','4ZxW551rAd',0,1,'Carpe','Frédérique',13),
(66,'nmiddle2q','ydHVIzOH9',0,1,'Middle','Mélissandre',12),
(67,'lgrossman2s','0TltmL',0,1,'Grossman','Kù',17),
(68,'msamwaye2t','U0Jx2O',0,1,'Samwaye','Åslög',16),
(69,'ccoopey2v','UStlZS',0,1,'Coopey','Cécile',10),
(70,'dsimcoe2x','AzuqJkAa',0,1,'Simcoe','Michèle',5),
(71,'bbendixen2y','OqkDg3WE',0,1,'Bendixen','Crééz',13),
(72,'klimpertz2z','UGmhMw',0,1,'Limpertz','Cléa',12),
(73,'ebradtke30','OZQ8FNRV',0,1,'Bradtke','Loïc',8),
(74,'rstlouis32','G5oZ4EBDC',0,1,'St. Louis','Kallisté',11),
(75,'tdassindale33','HgZujNfJ68',0,1,'Dassindale','Laïla',11),
(76,'sneising34','tpszuZli2T',0,1,'Neising','Léone',14),
(77,'acowdery35','ej1Of3E',0,1,'Cowdery','Andréanne',11),
(78,'mchaundy36','IxJCCCOe',0,1,'Chaundy','Kù',14),
(79,'mcoulthart37','ZrbkW1u',0,1,'Coulthart','Loïc',11),
(80,'mkeppie3a','fLleudWC',0,1,'Keppie','Maï',18),
(81,'mburtenshaw3b','xCZKAgk3L',0,1,'Burtenshaw','Adélie',7),
(82,'gmacmearty3e','BYGXWy',0,1,'MacMearty','Méthode',10),
(83,'anewlands3f','HqtJ6GlFca',0,1,'Newlands','Inès',8),
(84,'fmoreno3g','xmYNNc',0,1,'Moreno','Cécilia',12),
(85,'rsnap3h','Jz06BtoA',0,1,'Snap','Aimée',5),
(86,'ssexcey3i','auWi47ufW',0,1,'Sexcey','Fèi',5),
(87,'sconry3j','nppCRR',0,1,'Conry','Sélène',11),
(88,'baronow3k','2nUViG',0,1,'Aronow','Renée',16),
(89,'bloos3l','hmKy9m',0,1,'Loos','Nadège',7),
(90,'cklaves3m','eChjU2r64',0,1,'Klaves','Miléna',6),
(91,'jrymer3o','O5nXuDa',0,1,'Rymer','Yénora',18),
(92,'ssergison3p','SURakYR8gT',0,1,'Sergison','Maïlis',10),
(93,'rplaschke3q','Hx5cFlK',0,1,'Plaschke','Véronique',5),
(94,'amelmar3r','H7hNEte',0,1,'Melmar','Adélaïde',13),
(95,'lcrebbin3u','YmXDEV18',0,1,'Crebbin','Eliès',8),
(96,'egoulbourn3w','Y7VTzPpu',0,1,'Goulbourn','Mélinda',17),
(97,'elowman3y','VpibMAoRjU',0,1,'Lowman','Adélie',13),
(98,'tperotti3z','XcnBil',0,1,'Perotti','Lauréna',15),
(99,'lvannuccinii40','gdXNvE9jb',0,1,'Vannuccinii','Mélodie',7),
(100,'dbloxsum42','M2uNeGFni',0,1,'Bloxsum','Judicaël',17),
(101,'tdumingo43','S6OQmbK',0,1,'Dumingo','Aloïs',13),
(102,'rrobertazzi44','StTyvA6',0,1,'Robertazzi','Méthode',9),
(103,'mjaggs45','nCmVxJ',0,1,'Jaggs','Géraldine',16),
(104,'ablucher46','xJF25S0d',0,1,'Blucher','Kallisté',6),
(105,'oubach47','Zs7yoIOV2l',0,1,'Ubach','Clélia',13),
(106,'gnormant48','OLZOK9',0,1,'Normant','Athéna',10),
(107,'rloveridge49','jFlhF8j4i7',0,1,'Loveridge','Lóng',14),
(108,'cpedron4a','yKPxM9U',0,1,'Pedron','Yóu',11),
(109,'ekardos4b','Erv54d',0,1,'Kardos','Léane',17),
(110,'brolles4c','CU6e6N3',0,1,'Rolles','Ráo',13),
(111,'lfroom4d','99WGId1YWC',0,1,'Froom','Almérinda',5),
(112,'bmarsden4e','TuGIFQmd8v',0,1,'Marsden','Chloé',6),
(113,'agorey4i','NCfMyY',0,1,'Gorey','Rachèle',12),
(114,'agrice4l','wihp03jNNf',0,1,'Grice','Desirée',16),
(115,'cboken4n','SjZ0azw',0,1,'Boken','Eléonore',14),
(116,'bmuehle4o','MdsRq0PD',0,1,'Muehle','Lén',12),
(117,'vrockcliff4p','MbZENL',0,1,'Rockcliff','Mélys',8),
(118,'jsilvers4t','Rhpv7Koqw',0,1,'Silvers','Göran',9),
(119,'rtolumello4u','r57V070',0,1,'Tolumello','Åsa',5),
(120,'zklaus4v','pSA4ZA',0,1,'Klaus','Vénus',13),
(121,'jzanelli4w','zHaDFa',0,1,'Zanelli','Véronique',7),
(122,'gellingsworth4x','g2tEAiWvFM',0,1,'Ellingsworth','Marie-ève',7),
(123,'cwraith4y','F2s61IAQTF',0,1,'Wraith','Méthode',14),
(124,'aroll50','AsLjszoQ',0,1,'Roll','Renée',9),
(125,'kmarion53','vO0NpF3',0,1,'Marion','Kévina',13),
(126,'sdaly55','uNXRepWk5D',0,1,'Daly','Bérangère',16),
(127,'oducarme56','xVnhg9Q',0,1,'ducarme','Chloé',17),
(128,'yhutchinges57','m84Tdx5IN4',0,1,'Hutchinges','Lén',16),
(129,'dhavesides58','2fIDAK',0,1,'Havesides','Frédérique',12),
(130,'rfrangello5a','Bkx47AX9',0,1,'Frangello','Eléa',13),
(131,'jdillinger5b','6MbRZ3P',0,1,'Dillinger','Geneviève',16),
(132,'rbirrel5c','Z5XWkJklo',0,1,'Birrel','Adélie',6),
(133,'elavens5d','ZmG6ZgtL',0,1,'Lavens','Gwenaëlle',7),
(134,'gwagge5f','Tw3TiOY',0,1,'Wagge','Mélissandre',17),
(135,'scoppeard5g','LG61Mxc2',0,1,'Coppeard','Gérald',13),
(136,'scord5i','SAS2GZ0',0,1,'Cord','Maëline',5),
(137,'mhay5j','EQCl9w',0,1,'Hay','Esbjörn',9),
(138,'bsyphus5k','7rxwV6',0,1,'Syphus','Médiamass',9),
(139,'mweavers5l','AYyxbcYI0',0,1,'Weavers','Daphnée',10),
(140,'mcunnah5m','qSJYR7EO',0,1,'Cunnah','Cloé',8),
(141,'gtows5n','Lx5R6oMMRs',0,1,'Tows','Cléopatre',16),
(142,'mmacalaster5o','bu70vdIQ',0,1,'MacAlaster','Salomé',17),
(143,'csimonot5p','y25AZybhwj',0,1,'Simonot','Ophélie',13),
(144,'ocamell5q','jmfSs1kX',0,1,'Camell','Maïwenn',7),
(145,'cklimes5s','s7LdFtJRD4',0,1,'Klimes','Océane',11),
(146,'mmatoshin5t','SFBJPX',0,1,'Matoshin','Yénora',12),
(147,'msycamore5v','cmmJujEjJ',0,1,'Sycamore','Gaétane',5),
(148,'dhuckin5w','riINAAqcU',0,1,'Huckin','Maïlys',6),
(149,'tlandis5x','yG9mNe1jxd',0,1,'Landis','Clémentine',18),
(150,'hnuccitelli5y','3QyTk3wJPp',0,1,'Nuccitelli','Léandre',7),
(151,'gpaish5z','ZVTP5z2Bl',0,1,'Paish','Léone',12),
(152,'kbartolomieu60','5n1zvzSE',0,1,'Bartolomieu','Torbjörn',9),
(153,'hcastiglioni61','eRRLu4314',0,1,'Castiglioni','Cloé',6),
(154,'scheek62','HRXjp9Id',0,1,'Cheek','Bérangère',17),
(155,'ghickisson63','ZqHGJXtCr',0,1,'Hickisson','Börje',6),
(156,'tnanetti64','LtzwHPO',0,1,'Nanetti','Fèi',12),
(157,'dklimko66','N7yj25Xv',0,1,'Klimko','Pélagie',7),
(158,'tfairhead68','TuIvfDZO',0,1,'Fairhead','Léonore',7),
(159,'lkalisz6a','6ZZ3HOqYdD',0,1,'Kalisz','Béatrice',13),
(160,'nspowart6e','yPjoObT0VZ',0,1,'Spowart','Noémie',5),
(161,'ldelaeglise6f','1JtuDO14TL',0,1,'De la Eglise','Ophélie',14),
(162,'cconws6g','Mi9kf5',0,1,'Conws','Hélèna',5),
(163,'erae6h','wXTlU42',0,1,'Rae','Yè',14),
(164,'bpawels6j','T6ktl2',0,1,'Pawels','Göran',11),
(165,'jalthorp6k','pU4eGCL0N',0,1,'Althorp','Danièle',12),
(166,'nkettley6l','g11RGa',0,1,'Kettley','Marylène',8),
(167,'gregler6m','13HDcD',0,1,'Regler','Eléa',16),
(168,'rscantleberry6n','xmf1v8cdr0',0,1,'Scantleberry','Naëlle',6),
(169,'cpotebury6o','lozzfbPW17',0,1,'Potebury','Valérie',13),
(170,'gyuille6p','BTdHIJZOvB',0,1,'Yuille','Bérangère',17),
(171,'ritzakson6q','8TS5vq6',0,1,'Itzakson','Laurélie',9),
(172,'diacobassi6t','n0nlVde',0,1,'Iacobassi','Cunégonde',5),
(173,'aobeney6u','yXVJ19M',0,1,'Obeney','Cécile',16),
(174,'ddawes6v','ThdtO89s',0,1,'Dawes','Thérèsa',18),
(175,'oblazewski6w','0KA9jy',0,1,'Blazewski','Agnès',13),
(176,'lsimmins6x','lIq1WoZoSZ',0,1,'Simmins','Géraldine',15),
(177,'flendon1','9W984zCw',0,1,'Lendon','Anaël',14),
(178,'lhowman5','I0uOBFawp',0,1,'Howman','Mén',16),
(179,'spilkington7','dHJ1Qd',0,1,'Pilkington','Méthode',7),
(180,'jaddeycott8','eYJDsYHT',0,1,'Addeycott','Eugénie',7),
(181,'hmateu9','V9TIs53ED',0,1,'Mateu','Véronique',14),
(182,'wstaita','DGI6EK',0,1,'Stait','Måns',18),
(183,'gferrarod','sciY3BW8',0,1,'Ferraro','Marylène',10),
(184,'owaghornee','jAsvFykJhO',0,1,'Waghorne','Eugénie',11),
(185,'ssayf','uKDSzLNIcL',0,1,'Say','Michèle',8),
(186,'kbonnerh','i32MkzMK1Q',0,1,'Bonner','Océanne',17),
(187,'klamdini','lZmUC9N',0,1,'Lamdin','Bénédicte',12),
(188,'lgaulerj','1DoKbqs8J',0,1,'Gauler','Chloé',9),
(189,'bchrismasl','5SuxdFy',0,1,'Chrismas','Östen',6),
(190,'gkemsonn','kHe7pDl34g',0,1,'Kemson','Magdalène',8),
(191,'lrulteno','xS7PosqSN',0,1,'Rulten','Erwéi',16),
(192,'hbeddoep','7VHg8Zy',0,1,'Beddoe','Géraldine',8),
(193,'rsutterfieldr','NTaXW7m',0,1,'Sutterfield','Cloé',11),
(194,'gandreassons','VUeNF55k',0,1,'Andreasson','Annotés',15),
(195,'ewoodfordt','hOroxhAoo',0,1,'Woodford','Aí',14),
(196,'lliccardiu','nElgTpiu',0,1,'Liccardi','Laurélie',5),
(197,'mmattimoew','kKpWjJpU',0,1,'Mattimoe','Estée',9),
(198,'ccapunx','XJA7iuqp6',0,1,'Capun','Laurélie',17),
(199,'agalletleyy','mUewlb',0,1,'Galletley','Béatrice',14),
(200,'byanelez','2zR5nNE',0,1,'Yanele','Eugénie',11),
(201,'tizchaki10','iBLBV9GJ3',0,1,'Izchaki','Gwenaëlle',7),
(202,'dweal11','oti2Gk5PD',0,1,'Weal','Tán',9),
(203,'hgisby12','danh04',0,1,'Gisby','Kallisté',16),
(204,'eberesford13','QsBPZDs',0,1,'Beresford','Méryl',18),
(205,'lgilfether14','EN0lWZdt',0,1,'Gilfether','Publicité',11),
(206,'sredd15','ktITDFep9',0,1,'Redd','Cécile',14),
(207,'ryokelman17','xo47Uw6',0,1,'Yokelman','Léane',12),
(208,'jmanketell19','8RZn3i99',0,1,'Manketell','Desirée',5),
(209,'npash1a','S6dWFjrIt',0,1,'Pash','Cléa',18),
(210,'chalston1c','teqOKdm',0,1,'Halston','Renée',18),
(211,'vkuhlen1d','dDL2de',0,1,'Kuhlen','Daphnée',7),
(212,'sbouda1e','FUqKkd',0,1,'Bouda','Mégane',8),
(213,'abrenard1f','JmMxx6AZti',0,1,'Brenard','Méline',9),
(214,'smaggs1g','KG0TcLQIG8',0,1,'Maggs','Thérèsa',12),
(215,'kfernant1h','h4cuPqWNg',0,1,'Fernant','Bénédicte',10),
(216,'aca1i','ueFyakMn4',0,1,'Ca','Åsa',9),
(217,'chawken1j','vzH7CMo',0,1,'Hawken','Judicaël',17),
(218,'cduetschens1l','2GJmtfb8',0,1,'Duetschens','Eléonore',10),
(219,'cmuckley1m','5HrCwAQRk',0,1,'Muckley','Michèle',9),
(220,'myakunin1n','GJjHL7',0,1,'Yakunin','Clémentine',6),
(221,'dpetrushanko1o','vpEnjR7r',0,1,'Petrushanko','Néhémie',8),
(222,'bandryunin1q','zzc1hFJ',0,1,'Andryunin','Naéva',18),
(223,'gbrose1s','cNti9x',0,1,'Brose','Noëlla',12),
(224,'igeorgi1t','A4PcJS5xH',0,1,'Georgi','Anaëlle',13),
(225,'uengall1u','QfDD90VR',0,1,'Engall','Lucrèce',12),
(226,'rkrale1v','0a78Ddgm4',0,1,'Krale','Gaétane',7),
(227,'bbowering1w','5Mzhtnf3A',0,1,'Bowering','Kévina',18),
(228,'eheathcote1x','6jt1SX5Qmy',0,1,'Heathcote','Sòng',8),
(229,'ejain1y','MXniq5LrwV',0,1,'Jain','Yénora',7),
(230,'drosentholer1z','7vfAoSWol',0,1,'Rosentholer','Aurélie',16),
(231,'mkinrade20','pifN5q38',0,1,'Kinrade','Stévina',11),
(232,'bpeller21','0MktNkKLq',0,1,'Peller','Léonore',18),
(233,'emusgrove22','Lqic9GEa',0,1,'Musgrove','Marie-ève',18),
(234,'aedler23','B6mxjM4GY',0,1,'Edler','Méghane',16),
(235,'hbentham24','QS7ew3',0,1,'Bentham','Åsa',7),
(236,'nsarrell26','kTO0RLdbUo',0,1,'Sarrell','Léane',8),
(237,'joscallan28','uEskL8gP',0,1,'O\' Scallan','Åslög',7),
(238,'bboaler29','IZ3q5Z9',0,1,'Boaler','Märta',15),
(239,'aast2b','X14YYE',0,1,'Ast','Håkan',6),
(240,'mpantling2d','20rXa5M70j',0,1,'Pantling','Cloé',6),
(241,'aschutt2h','ywObWR',0,1,'Schutt','Mahélie',7),
(242,'hhantusch2i','f4ezb83',0,1,'Hantusch','Yè',7),
(243,'thynson2k','WgJWo6I',0,1,'Hynson','Simplifiés',15),
(244,'nlartice2l','vQJFTHP4',0,1,'Lartice','Hélène',6),
(245,'aquinion2q','IXJ7ZKr',0,1,'Quinion','Audréanne',6),
(246,'amarchenko2r','RM5gi40',0,1,'Marchenko','Cléopatre',10),
(247,'adulake2s','aRQWtf8t',0,1,'Dulake','Faîtes',14),
(248,'rnashe2t','NS2tqMeA',0,1,'Nashe','Kévina',17),
(249,'ugasnoll2u','CDhOvIW',0,1,'Gasnoll','Léonie',10),
(250,'wgodleman2w','5rNqAH',0,1,'Godleman','Maï',8),
(251,'cfilippyev2y','rkWFhn',0,1,'Filippyev','Rébecca',17),
(252,'ftzuker2z','9cV5od',0,1,'Tzuker','Judicaël',9),
(253,'utyrie32','uFjJNRg06G',0,1,'Tyrie','Lorène',7),
(254,'eharragin34','fVQ7dlvl5Q',0,1,'Harragin','Mélodie',11),
(255,'ewelling35','4itpVXLKbz',0,1,'Welling','Anaël',7),
(256,'jmoulds36','xm7kW4',0,1,'Moulds','Clémence',6),
(257,'pburburough37','jmb8F4LBE',0,1,'Burburough','Cunégonde',17),
(258,'jmacgiany38','RCUdaawv9',0,1,'MacGiany','Thérèse',12),
(259,'cedwardson39','CQHIu8eU',0,1,'Edwardson','Lauréna',10),
(260,'rhursthouse3b','NhaaNOpG',0,1,'Hursthouse','Illustrée',18),
(261,'wcastells3c','vZWyAjV6xn',0,1,'Castells','Edmée',13),
(262,'nbridgeman3d','KK9pjDr',0,1,'Bridgeman','Anaïs',10),
(263,'scopcote3e','fEhyCD63',0,1,'Copcote','Bénédicte',12),
(264,'tpleace3g','1JsKHAwwzL',0,1,'Pleace','Aí',5),
(265,'cgerrill3h','lCy83iEV9',0,1,'Gerrill','Kuí',8),
(266,'tescot3i','BMnF6ZiNJk',0,1,'Escot','Mén',13),
(267,'mbrearley3j','IeZdE7eoRv',0,1,'Brearley','Réservés',13),
(268,'wpideon3k','SILEYZd1',0,1,'Pideon','Eléa',18),
(269,'sreily3l','rt87dUqX',0,1,'Reily','Ophélie',18),
(270,'rmatus3n','zRBw82',0,1,'Matus','Océane',10),
(271,'kwestrey3o','1QwHRScGb',0,1,'Westrey','Véronique',15),
(272,'mdowson3p','O7iGil8For',0,1,'Dowson','Adélie',17),
(273,'tboosey3r','9I9f9vpCF',0,1,'Boosey','Wá',8),
(274,'apendre3t','qTL6IZm',0,1,'Pendre','Joséphine',8),
(275,'gneeves3v','uqaJFsAJ',0,1,'Neeves','Åsa',8),
(276,'spedracci3w','KD8egiyVzJ',0,1,'Pedracci','Thérèse',12),
(277,'mdrains3x','Y1CvRmGq3',0,1,'Drains','Océane',17),
(278,'jbatha40','6LGT8CEx',0,1,'Batha','Yú',9),
(279,'rstalf41','se1xqx',0,1,'Stalf','Athéna',13),
(280,'kdumbleton42','GIHzFV74',0,1,'Dumbleton','Personnalisée',16),
(281,'dduesberry43','mluRQEYfj',0,1,'Duesberry','Illustrée',11),
(282,'mwanell44','wiw3cBGG',0,1,'Wanell','Mélys',13),
(283,'hbartke45','VNoX5Rl',0,1,'Bartke','Clélia',9),
(284,'scockran47','qmts15',0,1,'Cockran','Eloïse',15),
(285,'pbeeres49','QbALs6',0,1,'Beeres','Cloé',12),
(286,'mskurm4a','0fXDaLK',0,1,'Skurm','Mélia',8),
(287,'xpluvier4b','evaD8mN',0,1,'Pluvier','Bérénice',6),
(288,'pziemsen4c','AY3ZpJaP',0,1,'Ziemsen','Bérangère',13),
(289,'ccrooks4d','6xNjF16Q',0,1,'Crooks','Gwenaëlle',10),
(290,'mromero4e','dqpWqaoQib',0,1,'Romero','Maëlys',9),
(291,'felvins4g','n4EHMF3',0,1,'Elvins','Maëline',15),
(292,'mowtram4h','cgnVgcPU',0,1,'Owtram','Anaëlle',9),
(293,'scaines4i','ua6naX',0,1,'Caines','Adélie',6),
(294,'lgiorgioni4l','OzQTfuG6',0,1,'Giorgioni','Noëlla',15),
(295,'gmunnis4m','yAGo3CWx',0,1,'Munnis','Nadège',6),
(296,'gsorrie4n','svelBx',0,1,'Sorrie','Cléa',9),
(297,'ctandy4p','JtsEopQ',0,1,'Tandy','Mà',14),
(298,'kdavenhall4q','X3EVR3',0,1,'Davenhall','Daphnée',14),
(299,'skirkup4r','82yR9H',0,1,'Kirkup','Maëlyss',5),
(300,'ncushion4t','hWUlKMH',0,1,'Cushion','Maëlle',6),
(301,'fserjeant4u','V7ITFrR',0,1,'Serjeant','Esbjörn',15),
(302,'skinnerley4v','INtggw8Y',0,1,'Kinnerley','Mårten',6),
(303,'srennox4y','ChYk0f',0,1,'Rennox','Naëlle',13),
(304,'ikennan51','WZaRQrN',0,1,'Kennan','Maïwenn',8),
(305,'asesser52','yHocM9J',0,1,'Sesser','Valérie',8),
(306,'kashmole54','1Od4Ta8I',0,1,'Ashmole','Eléonore',13),
(307,'lhenriksson55','gixThM',0,1,'Henriksson','Réjane',18),
(308,'jelijah56','FKoZtsk4P',0,1,'Elijah','Intéressant',6),
(309,'unias57','WxT5ksB',0,1,'Nias','Edmée',12),
(310,'mmacdaid58','Vxq1KUc',0,1,'MacDaid','Maëly',6),
(311,'bsmyley59','Py8FNsRjz',0,1,'Smyley','Anaëlle',6),
(312,'aloosely5b','JOGZjPw',0,1,'Loosely','Märta',11),
(313,'eantrim5c','XXoELf8Q',0,1,'Antrim','Maéna',14),
(314,'tgoering5d','CW5NJL',0,1,'Goering','Pélagie',7),
(315,'icullip5f','WEkLJp1bGq',0,1,'Cullip','Mélinda',16),
(316,'rsambell5g','gbTOy0Zn',0,1,'Sambell','Cloé',13),
(317,'atomalin5h','ZBA8nXW4s',0,1,'Tomalin','Réjane',12),
(318,'bburkett5j','NVAzf7xkf',0,1,'Burkett','Eléa',12),
(319,'kdelayglesia5k','rBkcBLyu',0,1,'De la Yglesia','Personnalisée',15),
(320,'rchowne5l','ajoyP0TrZw',0,1,'Chowne','Laurène',14),
(321,'mmatschke5m','tqjLc7s',0,1,'Matschke','Pål',13),
(322,'bcantu5o','67OZhv',0,1,'Cantu','Håkan',13),
(323,'aburkinshaw5p','hUZxli',0,1,'Burkinshaw','Simplifiés',16),
(324,'vlukianov5q','dECUzv',0,1,'Lukianov','Ruì',7),
(325,'mhazley5s','JR2NkL9',0,1,'Hazley','Loïca',10),
(326,'cswaisland5t','MfTIdqh4W',0,1,'Swaisland','Maïlis',17),
(327,'clubman5u','mPKU0Dh',0,1,'Lubman','Zhì',6),
(328,'tbulgen5v','5SwcLoL',0,1,'Bulgen','Camélia',9),
(329,'rlatour5w','ovHyW4ORxG',0,1,'Latour','Aloïs',15),
(330,'gmcmillam5x','qii47kvC',0,1,'McMillam','Eléonore',14),
(331,'ljacqueminot5z','QefQI8eAl',0,1,'Jacqueminot','Crééz',10),
(332,'ohamner60','clSgsEViPb',0,1,'Hamner','Eloïse',8),
(333,'earlt61','AKocqHz',0,1,'Arlt','Aí',8),
(334,'wismail62','shpm0Uyr',0,1,'Ismail','Simplifiés',5),
(335,'mandryunin64','q26qKuwjX',0,1,'Andryunin','Aí',6),
(336,'chyman65','tgbSSp',0,1,'Hyman','Intéressant',17),
(337,'dworkman67','BNqAYk',0,1,'Workman','Marie-thérèse',10),
(338,'mbleasdale68','hBtyo4Yq9',0,1,'Bleasdale','Nadège',18),
(339,'ahassent6a','J1ldHWO',0,1,'Hassent','Françoise',18),
(340,'jfeatherstonhaugh6c','K31Hb0LVX',0,1,'Featherstonhaugh','Illustrée',10),
(341,'nisitt6d','EYi1LdM',0,1,'Isitt','Ráo',5),
(342,'tcoopland6e','Gzp2oh',0,1,'Coopland','Léane',10),
(343,'btaplin6g','L0lG7FITL',0,1,'Taplin','Léonie',6),
(344,'rmithun6h','DFWBe8Vj',0,1,'Mithun','Ráo',14),
(345,'rcocklin6i','bakitaM',0,1,'Cocklin','Jú',17),
(346,'tpllu6j','95xCB4F',0,1,'Pllu','Åsa',18),
(347,'fnorthrop6k','fQHuQODrA7',0,1,'Northrop','Michèle',9),
(348,'fdedon6m','Y65W6oc',0,1,'Dedon','Angèle',14),
(349,'kstathor6n','jZk3zEA9Ul',0,1,'Stathor','Nélie',7),
(350,'eflewitt6o','08VYvSCm',0,1,'Flewitt','Mélodie',11),
(351,'zwickerson6p','bwESHkfH',0,1,'Wickerson','Eloïse',12),
(352,'lduncan6q','0iAzNkn8Gl',0,1,'Duncan','Annotée',10),
(353,'alill6u','tz8zYw',0,1,'Lill','Bénédicte',5),
(354,'lkenewell6w','BoSrkMX39U',0,1,'Kenewell','Bérengère',7),
(355,'scunnah6x','mhVCp1',0,1,'Cunnah','Méng',8),
(356,'mcantu0','IukazZBg',0,1,'Cantu','Cléa',45),
(357,'sbegin1','2Bs4M4',0,1,'Begin','Lén',42),
(358,'edemangel3','lR8oc5t',0,1,'Demangel','Athéna',49),
(359,'kchaudrelle6','DLAGMPMJ',0,1,'Chaudrelle','Eloïse',54),
(360,'mberthod7','w7XpOfaej',0,1,'Berthod','Aimée',45),
(361,'kreignard8','tMM7gKw',0,1,'Reignard','Hélène',47),
(362,'kgroundwatera','9bSBDaloKi',0,1,'Groundwater','Garçon',65),
(363,'vbosdenc','44VrUth',0,1,'Bosden','Maïlys',36),
(364,'sjaned','nad3gOW',0,1,'Jane','Dù',43),
(365,'csothcotte','f5DndNbqWe',0,1,'Sothcott','Geneviève',59),
(366,'lvansaltsbergh','nmip9Hh8DS',0,1,'Van Saltsberg','Audréanne',31),
(367,'pscholesi','JS7TxEvH',0,1,'Scholes','Réservés',64),
(368,'smetterickej','oObe2gK',0,1,'Mettericke','Cléopatre',45),
(369,'kgloyk','pzNAQidc',0,1,'Gloy','Börje',51),
(370,'mbaldwinl','h8afJtR3',0,1,'Baldwin','Pål',53),
(371,'etummondn','LlJ5YaxPA',0,1,'Tummond','Réjane',37),
(372,'bcarabinep','uhnZIYL9tT',0,1,'Carabine','Naéva',50),
(373,'grihosekr','TsqwljJi',0,1,'Rihosek','Måns',40),
(374,'sburgons','tbrK8StTbk',0,1,'Burgon','Yáo',44),
(375,'jscibseyt','MUu56JAYk4',0,1,'Scibsey','Gaëlle',33),
(376,'nwaggittu','h0t0mctZuc',0,1,'Waggitt','Gaëlle',45),
(377,'locorriganev','l7gpu722Jy',0,1,'O\'Corrigane','Desirée',64),
(378,'mdowreyw','O4J3IIZ',0,1,'Dowrey','Clémence',48),
(379,'ncoltarty','8XIdBZ8wA',0,1,'Coltart','Åke',60),
(380,'krubega10','0keaQWJP0',0,1,'Rubega','Sòng',41),
(381,'srogier12','bMzrOHTeO',0,1,'Rogier','Gisèle',33),
(382,'eolin14','41mO65h',0,1,'Olin','Vénus',55),
(383,'jbreeton17','i5XlmsHP',0,1,'Breeton','Maëlle',63),
(384,'gyounie19','JQUOD9XzT',0,1,'Younie','Lorène',65),
(385,'eheindl1a','iiafQ3E',0,1,'Heindl','Bérengère',64),
(386,'wcliff1b','edqJes8mO',0,1,'Cliff','Nadège',40),
(387,'hsouthwood1d','YVSGZfPI',0,1,'Southwood','Céline',61),
(388,'sbutrimovich1f','g9JmpF8R',0,1,'Butrimovich','Réjane',56),
(389,'brippin1g','adIqwPjnzI',0,1,'Rippin','Yénora',43),
(390,'cpetrov1h','drLtoG',0,1,'Petrov','Salomé',32),
(391,'asatford1i','hMzD9X',0,1,'Satford','Simplifiés',63),
(392,'jcreaser1j','SwA7W9a8',0,1,'Creaser','Mårten',46),
(393,'jstraneo1k','QDwiY5',0,1,'Straneo','Agnès',39),
(394,'htithacott1l','wzzaVybfK',0,1,'Tithacott','Yáo',47),
(395,'twalicki1m','pHzNqhLdTP',0,1,'Walicki','Magdalène',64),
(396,'fspearman1o','gpfQdOR90S',0,1,'Spearman','Alizée',60),
(397,'kzecchini1q','dAc5kb9T',0,1,'Zecchini','Célia',65),
(398,'vemps1s','ITlL2UE',0,1,'Emps','Clélia',61),
(399,'eslogrove1t','GaqNJx1cjb',0,1,'Slogrove','Solène',61),
(400,'ymackaig1u','yMXdxBnh',0,1,'MacKaig','Mégane',32),
(401,'aplumley1v','BEtQxO',0,1,'Plumley','Personnalisée',56),
(402,'agarnsworth1w','U7sr7E4od',0,1,'Garnsworth','Irène',65),
(403,'iliasnik','12341234',0,1,'nikoletopoulos','ilias',25),
(404,'dennisnik','12341234',0,1,'Nikoletopoulos','Dionisis',23),
(405,'kishova','12341234',0,1,'kish','eva',28);
/*!40000 ALTER TABLE `user` ENABLE KEYS */;
UNLOCK TABLES;

--
-- Temporary table structure for view `user_role_view`
--

DROP TABLE IF EXISTS `user_role_view`;
/*!50001 DROP VIEW IF EXISTS `user_role_view`*/;
SET @saved_cs_client     = @@character_set_client;
SET character_set_client = utf8;
/*!50001 CREATE VIEW `user_role_view` AS SELECT
 1 AS `username`,
  1 AS `first_name`,
  1 AS `last_name`,
  1 AS `role` */;
SET character_set_client = @saved_cs_client;

--
-- Table structure for table `user_school`
--

DROP TABLE IF EXISTS `user_school`;
/*!40101 SET @saved_cs_client     = @@character_set_client */;
/*!40101 SET character_set_client = utf8 */;
CREATE TABLE `user_school` (
  `id` int(11) NOT NULL AUTO_INCREMENT,
  `user_id` int(11) NOT NULL,
  `school_id` int(11) NOT NULL,
  PRIMARY KEY (`id`),
  KEY `user_id` (`user_id`),
  KEY `school_id` (`school_id`),
  CONSTRAINT `user_school_ibfk_1` FOREIGN KEY (`user_id`) REFERENCES `user` (`id`),
  CONSTRAINT `user_school_ibfk_2` FOREIGN KEY (`school_id`) REFERENCES `school` (`id`)
) ENGINE=InnoDB AUTO_INCREMENT=405 DEFAULT CHARSET=utf8mb4 COLLATE=utf8mb4_general_ci;
/*!40101 SET character_set_client = @saved_cs_client */;

--
-- Dumping data for table `user_school`
--

LOCK TABLES `user_school` WRITE;
/*!40000 ALTER TABLE `user_school` DISABLE KEYS */;
INSERT INTO `user_school` VALUES
(1,1,1),
(2,2,2),
(3,3,1),
(4,4,3),
(5,5,2),
(6,6,2),
(7,7,2),
(8,8,3),
(9,9,1),
(10,10,3),
(11,11,2),
(12,12,3),
(13,13,1),
(14,14,3),
(15,15,1),
(16,16,3),
(17,17,2),
(18,18,1),
(19,19,3),
(20,20,3),
(21,21,3),
(22,22,2),
(23,23,3),
(24,24,1),
(25,25,3),
(26,26,3),
(27,27,2),
(28,28,2),
(29,29,3),
(30,30,1),
(31,31,3),
(32,32,1),
(33,33,1),
(34,34,2),
(35,35,2),
(36,36,2),
(37,37,1),
(38,38,3),
(39,39,2),
(40,40,2),
(41,41,1),
(42,42,3),
(43,43,2),
(44,44,3),
(45,45,3),
(46,46,1),
(47,47,2),
(48,48,3),
(49,49,1),
(50,50,2),
(51,51,2),
(52,52,1),
(53,53,2),
(54,54,3),
(55,55,1),
(56,56,1),
(57,57,3),
(58,58,1),
(59,59,2),
(60,60,2),
(61,61,2),
(62,62,1),
(63,63,2),
(64,64,1),
(65,65,2),
(66,66,3),
(67,67,1),
(68,68,2),
(69,69,1),
(70,70,1),
(71,71,1),
(72,72,3),
(73,73,2),
(74,74,2),
(75,75,2),
(76,76,1),
(77,77,3),
(78,78,2),
(79,79,2),
(80,80,2),
(81,81,1),
(82,82,3),
(83,83,2),
(84,84,3),
(85,85,3),
(86,86,3),
(87,87,1),
(88,88,1),
(89,89,1),
(90,90,3),
(91,91,2),
(92,92,3),
(93,93,3),
(94,94,3),
(95,95,2),
(96,96,2),
(97,97,2),
(98,98,3),
(99,99,3),
(100,100,3),
(101,101,2),
(102,102,1),
(103,103,2),
(104,104,3),
(105,105,2),
(106,106,3),
(107,107,2),
(108,108,2),
(109,109,2),
(110,110,2),
(111,111,1),
(112,112,2),
(113,113,2),
(114,114,3),
(115,115,1),
(116,116,1),
(117,117,3),
(118,118,3),
(119,119,1),
(120,120,2),
(121,121,3),
(122,122,1),
(123,123,1),
(124,124,2),
(125,125,3),
(126,126,1),
(127,127,2),
(128,128,3),
(129,129,2),
(130,130,2),
(131,131,2),
(132,132,3),
(133,133,1),
(134,134,3),
(135,135,1),
(136,136,3),
(137,137,2),
(138,138,3),
(139,139,3),
(140,140,3),
(141,141,2),
(142,142,3),
(143,143,1),
(144,144,2),
(145,145,3),
(146,146,1),
(147,147,2),
(148,148,1),
(149,149,3),
(150,150,1),
(151,151,1),
(152,152,1),
(153,153,3),
(154,154,1),
(155,155,2),
(156,156,2),
(157,157,3),
(158,158,3),
(159,159,1),
(160,160,1),
(161,161,2),
(162,162,3),
(163,163,3),
(164,164,3),
(165,165,3),
(166,166,2),
(167,167,2),
(168,168,2),
(169,169,2),
(170,170,2),
(171,171,3),
(172,172,2),
(173,173,1),
(174,174,2),
(175,175,1),
(176,176,1),
(177,177,1),
(178,178,2),
(179,179,3),
(180,180,1),
(181,181,1),
(182,182,2),
(183,183,1),
(184,184,1),
(185,185,1),
(186,186,2),
(187,187,2),
(188,188,2),
(189,189,1),
(190,190,2),
(191,191,3),
(192,192,2),
(193,193,2),
(194,194,3),
(195,195,3),
(196,196,1),
(197,197,1),
(198,198,2),
(199,199,3),
(200,200,1),
(201,201,1),
(202,202,1),
(203,203,2),
(204,204,3),
(205,205,1),
(206,206,1),
(207,207,2),
(208,208,3),
(209,209,1),
(210,210,1),
(211,211,1),
(212,212,2),
(213,213,2),
(214,214,1),
(215,215,1),
(216,216,2),
(217,217,2),
(218,218,3),
(219,219,2),
(220,220,2),
(221,221,2),
(222,222,3),
(223,223,1),
(224,224,2),
(225,225,2),
(226,226,3),
(227,227,3),
(228,228,1),
(229,229,1),
(230,230,1),
(231,231,3),
(232,232,1),
(233,233,2),
(234,234,3),
(235,235,3),
(236,236,2),
(237,237,2),
(238,238,2),
(239,239,3),
(240,240,1),
(241,241,3),
(242,242,2),
(243,243,2),
(244,244,3),
(245,245,1),
(246,246,2),
(247,247,3),
(248,248,1),
(249,249,1),
(250,250,3),
(251,251,1),
(252,252,3),
(253,253,2),
(254,254,2),
(255,255,3),
(256,256,3),
(257,257,2),
(258,258,2),
(259,259,2),
(260,260,1),
(261,261,3),
(262,262,2),
(263,263,3),
(264,264,3),
(265,265,1),
(266,266,2),
(267,267,3),
(268,268,1),
(269,269,3),
(270,270,2),
(271,271,1),
(272,272,2),
(273,273,2),
(274,274,3),
(275,275,1),
(276,276,3),
(277,277,2),
(278,278,1),
(279,279,2),
(280,280,3),
(281,281,1),
(282,282,2),
(283,283,2),
(284,284,2),
(285,285,3),
(286,286,2),
(287,287,1),
(288,288,3),
(289,289,3),
(290,290,1),
(291,291,1),
(292,292,1),
(293,293,3),
(294,294,2),
(295,295,1),
(296,296,2),
(297,297,1),
(298,298,3),
(299,299,3),
(300,300,2),
(301,301,1),
(302,302,1),
(303,303,3),
(304,304,1),
(305,305,2),
(306,306,3),
(307,307,3),
(308,308,3),
(309,309,2),
(310,310,1),
(311,311,3),
(312,312,3),
(313,313,1),
(314,314,2),
(315,315,3),
(316,316,2),
(317,317,3),
(318,318,2),
(319,319,2),
(320,320,2),
(321,321,1),
(322,322,3),
(323,323,2),
(324,324,2),
(325,325,1),
(326,326,1),
(327,327,1),
(328,328,1),
(329,329,3),
(330,330,2),
(331,331,3),
(332,332,1),
(333,333,3),
(334,334,2),
(335,335,2),
(336,336,3),
(337,337,2),
(338,338,1),
(339,339,1),
(340,340,3),
(341,341,1),
(342,342,1),
(343,343,3),
(344,344,2),
(345,345,2),
(346,346,1),
(347,347,2),
(348,348,3),
(349,349,2),
(350,350,2),
(351,351,1),
(352,352,2),
(353,353,3),
(354,354,2),
(355,355,1),
(356,356,1),
(357,357,1),
(358,358,1),
(359,359,1),
(360,360,2),
(361,361,3),
(362,362,3),
(363,363,2),
(364,364,2),
(365,365,3),
(366,366,2),
(367,367,2),
(368,368,3),
(369,369,3),
(370,370,1),
(371,371,1),
(372,372,1),
(373,373,2),
(374,374,1),
(375,375,3),
(376,376,3),
(377,377,1),
(378,378,2),
(379,379,2),
(380,380,3),
(381,381,1),
(382,382,2),
(383,383,1),
(384,384,2),
(385,385,3),
(386,386,3),
(387,387,1),
(388,388,3),
(389,389,2),
(390,390,2),
(391,391,1),
(392,392,2),
(393,393,1),
(394,394,3),
(395,395,1),
(396,396,1),
(397,397,2),
(398,398,1),
(399,399,2),
(400,400,2),
(401,401,3),
(402,402,1),
(403,403,1),
(404,405,1);
/*!40000 ALTER TABLE `user_school` ENABLE KEYS */;
UNLOCK TABLES;

--
-- Final view structure for view `book_inventory_view`
--

/*!50001 DROP VIEW IF EXISTS `book_inventory_view`*/;
/*!50001 SET @saved_cs_client          = @@character_set_client */;
/*!50001 SET @saved_cs_results         = @@character_set_results */;
/*!50001 SET @saved_col_connection     = @@collation_connection */;
/*!50001 SET character_set_client      = utf8mb4 */;
/*!50001 SET character_set_results     = utf8mb4 */;
/*!50001 SET collation_connection      = utf8mb4_general_ci */;
/*!50001 CREATE ALGORITHM=UNDEFINED */
/*!50013 DEFINER=`root`@`localhost` SQL SECURITY DEFINER */
/*!50001 VIEW `book_inventory_view` AS select `b`.`titleBK` AS `titleBK`,`b`.`ISBN` AS `ISBN`,`s`.`school_id` AS `school_id`,`s`.`inventory` AS `inventory` from (`book` `b` join `book_school` `s` on(`b`.`ISBN` = `s`.`book_id`)) */;
/*!50001 SET character_set_client      = @saved_cs_client */;
/*!50001 SET character_set_results     = @saved_cs_results */;
/*!50001 SET collation_connection      = @saved_col_connection */;

--
-- Final view structure for view `user_role_view`
--

/*!50001 DROP VIEW IF EXISTS `user_role_view`*/;
/*!50001 SET @saved_cs_client          = @@character_set_client */;
/*!50001 SET @saved_cs_results         = @@character_set_results */;
/*!50001 SET @saved_col_connection     = @@collation_connection */;
/*!50001 SET character_set_client      = utf8mb3 */;
/*!50001 SET character_set_results     = utf8mb3 */;
/*!50001 SET collation_connection      = utf8mb3_general_ci */;
/*!50001 CREATE ALGORITHM=UNDEFINED */
/*!50013 DEFINER=`root`@`localhost` SQL SECURITY DEFINER */
/*!50001 VIEW `user_role_view` AS select `u`.`username` AS `username`,`u`.`first_name` AS `first_name`,`u`.`last_name` AS `last_name`,`r`.`role` AS `role` from (`user` `u` join `role` `r` on(`u`.`id` = `r`.`user_id`)) */;
/*!50001 SET character_set_client      = @saved_cs_client */;
/*!50001 SET character_set_results     = @saved_cs_results */;
/*!50001 SET collation_connection      = @saved_col_connection */;
/*!40103 SET TIME_ZONE=@OLD_TIME_ZONE */;

/*!40101 SET SQL_MODE=@OLD_SQL_MODE */;
/*!40014 SET FOREIGN_KEY_CHECKS=@OLD_FOREIGN_KEY_CHECKS */;
/*!40014 SET UNIQUE_CHECKS=@OLD_UNIQUE_CHECKS */;
/*!40101 SET CHARACTER_SET_CLIENT=@OLD_CHARACTER_SET_CLIENT */;
/*!40101 SET CHARACTER_SET_RESULTS=@OLD_CHARACTER_SET_RESULTS */;
/*!40101 SET COLLATION_CONNECTION=@OLD_COLLATION_CONNECTION */;
/*!40111 SET SQL_NOTES=@OLD_SQL_NOTES */;

-- Dump completed on 2023-05-29 16:53:06
