-- MariaDB dump 10.19  Distrib 10.6.12-MariaDB, for debian-linux-gnu (x86_64)
--
-- Host: localhost    Database: vas
-- ------------------------------------------------------
-- Server version	10.6.12-MariaDB-0ubuntu0.22.04.1

/*!40101 SET @OLD_CHARACTER_SET_CLIENT=@@CHARACTER_SET_CLIENT */;
/*!40101 SET @OLD_CHARACTER_SET_RESULTS=@@CHARACTER_SET_RESULTS */;
/*!40101 SET @OLD_COLLATION_CONNECTION=@@COLLATION_CONNECTION */;
/*!40101 SET NAMES utf8mb4 */;
/*!40103 SET @OLD_TIME_ZONE=@@TIME_ZONE */;
/*!40103 SET TIME_ZONE='+00:00' */;
/*!40014 SET @OLD_UNIQUE_CHECKS=@@UNIQUE_CHECKS, UNIQUE_CHECKS=0 */;
/*!40014 SET @OLD_FOREIGN_KEY_CHECKS=@@FOREIGN_KEY_CHECKS, FOREIGN_KEY_CHECKS=0 */;
/*!40101 SET @OLD_SQL_MODE=@@SQL_MODE, SQL_MODE='NO_AUTO_VALUE_ON_ZERO' */;
/*!40111 SET @OLD_SQL_NOTES=@@SQL_NOTES, SQL_NOTES=0 */;

--
-- Table structure for table `author`
--

DROP TABLE IF EXISTS `author`;
/*!40101 SET @saved_cs_client     = @@character_set_client */;
/*!40101 SET character_set_client = utf8 */;
CREATE TABLE `author` (
  `id` int(11) NOT NULL AUTO_INCREMENT,
  `name` varchar(50) NOT NULL,
  PRIMARY KEY (`id`)
) ENGINE=InnoDB AUTO_INCREMENT=21 DEFAULT CHARSET=utf8mb4 COLLATE=utf8mb4_general_ci;
/*!40101 SET character_set_client = @saved_cs_client */;

--
-- Dumping data for table `author`
--

LOCK TABLES `author` WRITE;
/*!40000 ALTER TABLE `author` DISABLE KEYS */;
INSERT INTO `author` VALUES (1,'John Smith'),(2,'Emma Johnson'),(3,'Michael Brown'),(4,'Olivia Davis'),(5,'William Wilson'),(6,'Sophia Thompson'),(7,'James Anderson'),(8,'Isabella Martinez'),(9,'Benjamin Taylor'),(10,'Mia Garcia'),(11,'Jacob Hernandez'),(12,'Charlotte Clark'),(13,'Alexander Robinson'),(14,'Amelia Lewis'),(15,'Daniel Lee'),(16,'Emily Hall'),(17,'Matthew Baker'),(18,'Harper Green'),(19,'Joseph Carter'),(20,'Abigail Adams');
/*!40000 ALTER TABLE `author` ENABLE KEYS */;
UNLOCK TABLES;

--
-- Table structure for table `book`
--

DROP TABLE IF EXISTS `book`;
/*!40101 SET @saved_cs_client     = @@character_set_client */;
/*!40101 SET character_set_client = utf8 */;
CREATE TABLE `book` (
  `titleBK` varchar(150) NOT NULL,
  `publisher` varchar(150) DEFAULT NULL,
  `ISBN` int(11) NOT NULL,
  `num_pages` int(11) NOT NULL,
  `language` varchar(50) NOT NULL,
  `summary` varchar(255) DEFAULT NULL,
  `image` varchar(255) DEFAULT NULL,
  PRIMARY KEY (`ISBN`)
) ENGINE=InnoDB DEFAULT CHARSET=utf8mb4 COLLATE=utf8mb4_general_ci;
/*!40101 SET character_set_client = @saved_cs_client */;

--
-- Dumping data for table `book`
--

LOCK TABLES `book` WRITE;
/*!40000 ALTER TABLE `book` DISABLE KEYS */;
INSERT INTO `book` VALUES ('Leap Year','Swift and Sons',100854,967,'Bislama','https://jamesclear.com/book-summaries/a-short-guide-to-a-happy-life','https://designforwriters.com/wp-content/uploads/2017/10/design-for-writers-book-cover-tf-2-a-million-to-one.jpg?fbclid=IwAR0To4DgjsBK8VuijMXH7WiTtbYO0UrDPZy0FhkIdyPVWFDPDfqD0Kc36Og'),('Get Low','Conroy-Lemke',115886,547,'Macedonian','https://jamesclear.com/book-summaries/a-short-guide-to-a-happy-life','https://designforwriters.com/wp-content/uploads/2017/10/design-for-writers-book-cover-tf-2-a-million-to-one.jpg?fbclid=IwAR0To4DgjsBK8VuijMXH7WiTtbYO0UrDPZy0FhkIdyPVWFDPDfqD0Kc36Og'),('Salt','Miller-Schinner',121264,393,'Assamese','https://jamesclear.com/book-summaries/a-short-guide-to-a-happy-life','https://designforwriters.com/wp-content/uploads/2017/10/design-for-writers-book-cover-tf-2-a-million-to-one.jpg?fbclid=IwAR0To4DgjsBK8VuijMXH7WiTtbYO0UrDPZy0FhkIdyPVWFDPDfqD0Kc36Og'),('Moment of Innocence, A (Nun va Goldoon)','Stracke, Prosacco and Reichert',122982,293,'Maltese','https://jamesclear.com/book-summaries/a-short-guide-to-a-happy-life','https://designforwriters.com/wp-content/uploads/2017/10/design-for-writers-book-cover-tf-2-a-million-to-one.jpg?fbclid=IwAR0To4DgjsBK8VuijMXH7WiTtbYO0UrDPZy0FhkIdyPVWFDPDfqD0Kc36Og'),('Chelsea Girls','Ondricka and Sons',128473,458,'Tetum','https://jamesclear.com/book-summaries/a-short-guide-to-a-happy-life','https://designforwriters.com/wp-content/uploads/2017/10/design-for-writers-book-cover-tf-2-a-million-to-one.jpg?fbclid=IwAR0To4DgjsBK8VuijMXH7WiTtbYO0UrDPZy0FhkIdyPVWFDPDfqD0Kc36Og'),('Futuresport','Farrell Inc',129538,330,'Persian','https://jamesclear.com/book-summaries/a-short-guide-to-a-happy-life','https://designforwriters.com/wp-content/uploads/2017/10/design-for-writers-book-cover-tf-2-a-million-to-one.jpg?fbclid=IwAR0To4DgjsBK8VuijMXH7WiTtbYO0UrDPZy0FhkIdyPVWFDPDfqD0Kc36Og'),('Way, Way Back, The','Dach-Schmidt',140269,286,'West Frisian','https://jamesclear.com/book-summaries/a-short-guide-to-a-happy-life','https://designforwriters.com/wp-content/uploads/2017/10/design-for-writers-book-cover-tf-2-a-million-to-one.jpg?fbclid=IwAR0To4DgjsBK8VuijMXH7WiTtbYO0UrDPZy0FhkIdyPVWFDPDfqD0Kc36Og'),('It\'s a Free World...','O\'Conner Inc',148176,300,'Bengali','https://jamesclear.com/book-summaries/a-short-guide-to-a-happy-life','https://designforwriters.com/wp-content/uploads/2017/10/design-for-writers-book-cover-tf-2-a-million-to-one.jpg?fbclid=IwAR0To4DgjsBK8VuijMXH7WiTtbYO0UrDPZy0FhkIdyPVWFDPDfqD0Kc36Og'),('Double Happiness','Casper, Schuster and Bashirian',148267,890,'Irish Gaelic','https://jamesclear.com/book-summaries/a-short-guide-to-a-happy-life','https://designforwriters.com/wp-content/uploads/2017/10/design-for-writers-book-cover-tf-2-a-million-to-one.jpg?fbclid=IwAR0To4DgjsBK8VuijMXH7WiTtbYO0UrDPZy0FhkIdyPVWFDPDfqD0Kc36Og'),('Fate Is the Hunter','Mitchell Group',149473,660,'Amharic','https://jamesclear.com/book-summaries/a-short-guide-to-a-happy-life','https://designforwriters.com/wp-content/uploads/2017/10/design-for-writers-book-cover-tf-2-a-million-to-one.jpg?fbclid=IwAR0To4DgjsBK8VuijMXH7WiTtbYO0UrDPZy0FhkIdyPVWFDPDfqD0Kc36Og'),('Sleepless Night (Nuit blanche)','Fritsch, Thiel and Klein',153661,318,'Montenegrin','https://jamesclear.com/book-summaries/a-short-guide-to-a-happy-life','https://designforwriters.com/wp-content/uploads/2017/10/design-for-writers-book-cover-tf-2-a-million-to-one.jpg?fbclid=IwAR0To4DgjsBK8VuijMXH7WiTtbYO0UrDPZy0FhkIdyPVWFDPDfqD0Kc36Og'),('Great Day in Harlem, A','Farrell-Muller',155666,464,'German','https://jamesclear.com/book-summaries/a-short-guide-to-a-happy-life','https://designforwriters.com/wp-content/uploads/2017/10/design-for-writers-book-cover-tf-2-a-million-to-one.jpg?fbclid=IwAR0To4DgjsBK8VuijMXH7WiTtbYO0UrDPZy0FhkIdyPVWFDPDfqD0Kc36Og'),('Azumi 2: Death or Love','Smitham-Metz',157855,501,'Polish','https://jamesclear.com/book-summaries/a-short-guide-to-a-happy-life','https://designforwriters.com/wp-content/uploads/2017/10/design-for-writers-book-cover-tf-2-a-million-to-one.jpg?fbclid=IwAR0To4DgjsBK8VuijMXH7WiTtbYO0UrDPZy0FhkIdyPVWFDPDfqD0Kc36Og'),('Kaleidoscope','Dibbert Inc',159661,653,'Montenegrin','https://jamesclear.com/book-summaries/a-short-guide-to-a-happy-life','https://designforwriters.com/wp-content/uploads/2017/10/design-for-writers-book-cover-tf-2-a-million-to-one.jpg?fbclid=IwAR0To4DgjsBK8VuijMXH7WiTtbYO0UrDPZy0FhkIdyPVWFDPDfqD0Kc36Og'),('The Questor Tapes','Doyle-Howell',169215,814,'Croatian','https://jamesclear.com/book-summaries/a-short-guide-to-a-happy-life','https://designforwriters.com/wp-content/uploads/2017/10/design-for-writers-book-cover-tf-2-a-million-to-one.jpg?fbclid=IwAR0To4DgjsBK8VuijMXH7WiTtbYO0UrDPZy0FhkIdyPVWFDPDfqD0Kc36Og'),('The Boy Next Door','Parisian LLC',169901,752,'Luxembourgish','https://jamesclear.com/book-summaries/a-short-guide-to-a-happy-life','https://designforwriters.com/wp-content/uploads/2017/10/design-for-writers-book-cover-tf-2-a-million-to-one.jpg?fbclid=IwAR0To4DgjsBK8VuijMXH7WiTtbYO0UrDPZy0FhkIdyPVWFDPDfqD0Kc36Og'),('Climates (Iklimler)','Bartell, Collier and Aufderhar',171915,603,'Hindi','https://jamesclear.com/book-summaries/a-short-guide-to-a-happy-life','https://designforwriters.com/wp-content/uploads/2017/10/design-for-writers-book-cover-tf-2-a-million-to-one.jpg?fbclid=IwAR0To4DgjsBK8VuijMXH7WiTtbYO0UrDPZy0FhkIdyPVWFDPDfqD0Kc36Og'),('Session 9','Koepp, Carroll and Adams',173482,722,'Bislama','https://jamesclear.com/book-summaries/a-short-guide-to-a-happy-life','https://designforwriters.com/wp-content/uploads/2017/10/design-for-writers-book-cover-tf-2-a-million-to-one.jpg?fbclid=IwAR0To4DgjsBK8VuijMXH7WiTtbYO0UrDPZy0FhkIdyPVWFDPDfqD0Kc36Og'),('Bodyguard, The','Fadel-Hessel',176719,946,'German','https://jamesclear.com/book-summaries/a-short-guide-to-a-happy-life','https://designforwriters.com/wp-content/uploads/2017/10/design-for-writers-book-cover-tf-2-a-million-to-one.jpg?fbclid=IwAR0To4DgjsBK8VuijMXH7WiTtbYO0UrDPZy0FhkIdyPVWFDPDfqD0Kc36Og'),('Pursuit of the Graf Spee (Battle of the River Plate, The)','Mertz Group',179814,287,'Hebrew','https://jamesclear.com/book-summaries/a-short-guide-to-a-happy-life','https://designforwriters.com/wp-content/uploads/2017/10/design-for-writers-book-cover-tf-2-a-million-to-one.jpg?fbclid=IwAR0To4DgjsBK8VuijMXH7WiTtbYO0UrDPZy0FhkIdyPVWFDPDfqD0Kc36Og'),('The House on 56th Street','Dach and Sons',186485,756,'Kazakh','https://jamesclear.com/book-summaries/a-short-guide-to-a-happy-life','https://designforwriters.com/wp-content/uploads/2017/10/design-for-writers-book-cover-tf-2-a-million-to-one.jpg?fbclid=IwAR0To4DgjsBK8VuijMXH7WiTtbYO0UrDPZy0FhkIdyPVWFDPDfqD0Kc36Og'),('Rolling Family (Familia rodante)','MacGyver-Gutmann',198687,270,'Hebrew','https://jamesclear.com/book-summaries/a-short-guide-to-a-happy-life','https://designforwriters.com/wp-content/uploads/2017/10/design-for-writers-book-cover-tf-2-a-million-to-one.jpg?fbclid=IwAR0To4DgjsBK8VuijMXH7WiTtbYO0UrDPZy0FhkIdyPVWFDPDfqD0Kc36Og'),('Sky Captain and the World of Tomorrow','Cronin-Pouros',199959,305,'Moldovan','https://jamesclear.com/book-summaries/a-short-guide-to-a-happy-life','https://designforwriters.com/wp-content/uploads/2017/10/design-for-writers-book-cover-tf-2-a-million-to-one.jpg?fbclid=IwAR0To4DgjsBK8VuijMXH7WiTtbYO0UrDPZy0FhkIdyPVWFDPDfqD0Kc36Og'),('Trainspotting','Stokes, Koss and Weissnat',205658,128,'Belarusian','https://jamesclear.com/book-summaries/a-short-guide-to-a-happy-life','https://designforwriters.com/wp-content/uploads/2017/10/design-for-writers-book-cover-tf-2-a-million-to-one.jpg?fbclid=IwAR0To4DgjsBK8VuijMXH7WiTtbYO0UrDPZy0FhkIdyPVWFDPDfqD0Kc36Og'),('Night Must Fall','Konopelski, Herzog and Breitenberg',209611,439,'Guaraní','https://jamesclear.com/book-summaries/a-short-guide-to-a-happy-life','https://designforwriters.com/wp-content/uploads/2017/10/design-for-writers-book-cover-tf-2-a-million-to-one.jpg?fbclid=IwAR0To4DgjsBK8VuijMXH7WiTtbYO0UrDPZy0FhkIdyPVWFDPDfqD0Kc36Og'),('Sun Kissed','Robel LLC',227773,261,'Spanish','https://jamesclear.com/book-summaries/a-short-guide-to-a-happy-life','https://designforwriters.com/wp-content/uploads/2017/10/design-for-writers-book-cover-tf-2-a-million-to-one.jpg?fbclid=IwAR0To4DgjsBK8VuijMXH7WiTtbYO0UrDPZy0FhkIdyPVWFDPDfqD0Kc36Og'),('Expelled','Abbott-Greenfelder',228508,640,'Estonian','https://jamesclear.com/book-summaries/a-short-guide-to-a-happy-life','https://designforwriters.com/wp-content/uploads/2017/10/design-for-writers-book-cover-tf-2-a-million-to-one.jpg?fbclid=IwAR0To4DgjsBK8VuijMXH7WiTtbYO0UrDPZy0FhkIdyPVWFDPDfqD0Kc36Og'),('Hospital, The','Ernser-Schmitt',230658,787,'Quechua','https://jamesclear.com/book-summaries/a-short-guide-to-a-happy-life','https://designforwriters.com/wp-content/uploads/2017/10/design-for-writers-book-cover-tf-2-a-million-to-one.jpg?fbclid=IwAR0To4DgjsBK8VuijMXH7WiTtbYO0UrDPZy0FhkIdyPVWFDPDfqD0Kc36Og'),('Cohen and Tate','Morar Inc',239582,646,'Lao','https://jamesclear.com/book-summaries/a-short-guide-to-a-happy-life','https://designforwriters.com/wp-content/uploads/2017/10/design-for-writers-book-cover-tf-2-a-million-to-one.jpg?fbclid=IwAR0To4DgjsBK8VuijMXH7WiTtbYO0UrDPZy0FhkIdyPVWFDPDfqD0Kc36Og'),('Cotton Comes to Harlem','Watsica-Nikolaus',249731,888,'Haitian Creole','https://jamesclear.com/book-summaries/a-short-guide-to-a-happy-life','https://designforwriters.com/wp-content/uploads/2017/10/design-for-writers-book-cover-tf-2-a-million-to-one.jpg?fbclid=IwAR0To4DgjsBK8VuijMXH7WiTtbYO0UrDPZy0FhkIdyPVWFDPDfqD0Kc36Og'),('Paradise Lost 3: Purgatory','Schneider Inc',258021,821,'Malayalam','https://jamesclear.com/book-summaries/a-short-guide-to-a-happy-life','https://designforwriters.com/wp-content/uploads/2017/10/design-for-writers-book-cover-tf-2-a-million-to-one.jpg?fbclid=IwAR0To4DgjsBK8VuijMXH7WiTtbYO0UrDPZy0FhkIdyPVWFDPDfqD0Kc36Og'),('Summer with Monika (Sommaren med Monika)','Sauer, Langosh and Lang',263369,914,'Greek','https://jamesclear.com/book-summaries/a-short-guide-to-a-happy-life','https://designforwriters.com/wp-content/uploads/2017/10/design-for-writers-book-cover-tf-2-a-million-to-one.jpg?fbclid=IwAR0To4DgjsBK8VuijMXH7WiTtbYO0UrDPZy0FhkIdyPVWFDPDfqD0Kc36Og'),('Trust Me','Treutel Group',264135,689,'Macedonian','https://jamesclear.com/book-summaries/a-short-guide-to-a-happy-life','https://designforwriters.com/wp-content/uploads/2017/10/design-for-writers-book-cover-tf-2-a-million-to-one.jpg?fbclid=IwAR0To4DgjsBK8VuijMXH7WiTtbYO0UrDPZy0FhkIdyPVWFDPDfqD0Kc36Og'),('Hyde Park on Hudson','McCullough Group',268338,527,'Spanish','https://jamesclear.com/book-summaries/a-short-guide-to-a-happy-life','https://designforwriters.com/wp-content/uploads/2017/10/design-for-writers-book-cover-tf-2-a-million-to-one.jpg?fbclid=IwAR0To4DgjsBK8VuijMXH7WiTtbYO0UrDPZy0FhkIdyPVWFDPDfqD0Kc36Og'),('Broadcast News','Vandervort, Runolfsson and Kunze',278077,130,'Kyrgyz','https://jamesclear.com/book-summaries/a-short-guide-to-a-happy-life','https://designforwriters.com/wp-content/uploads/2017/10/design-for-writers-book-cover-tf-2-a-million-to-one.jpg?fbclid=IwAR0To4DgjsBK8VuijMXH7WiTtbYO0UrDPZy0FhkIdyPVWFDPDfqD0Kc36Og'),('Looking for Eric','Glover, Haley and Kulas',286993,712,'Sotho','https://jamesclear.com/book-summaries/a-short-guide-to-a-happy-life','https://designforwriters.com/wp-content/uploads/2017/10/design-for-writers-book-cover-tf-2-a-million-to-one.jpg?fbclid=IwAR0To4DgjsBK8VuijMXH7WiTtbYO0UrDPZy0FhkIdyPVWFDPDfqD0Kc36Og'),('The Divine Woman','Wehner-Upton',287200,836,'Azeri','https://jamesclear.com/book-summaries/a-short-guide-to-a-happy-life','https://designforwriters.com/wp-content/uploads/2017/10/design-for-writers-book-cover-tf-2-a-million-to-one.jpg?fbclid=IwAR0To4DgjsBK8VuijMXH7WiTtbYO0UrDPZy0FhkIdyPVWFDPDfqD0Kc36Og'),('Three Stooges Meet Hercules, The','Quitzon-Labadie',297669,732,'Irish Gaelic','https://jamesclear.com/book-summaries/a-short-guide-to-a-happy-life','https://designforwriters.com/wp-content/uploads/2017/10/design-for-writers-book-cover-tf-2-a-million-to-one.jpg?fbclid=IwAR0To4DgjsBK8VuijMXH7WiTtbYO0UrDPZy0FhkIdyPVWFDPDfqD0Kc36Og'),('Tribulation','Gleichner LLC',301053,834,'Kazakh','https://jamesclear.com/book-summaries/a-short-guide-to-a-happy-life','https://designforwriters.com/wp-content/uploads/2017/10/design-for-writers-book-cover-tf-2-a-million-to-one.jpg?fbclid=IwAR0To4DgjsBK8VuijMXH7WiTtbYO0UrDPZy0FhkIdyPVWFDPDfqD0Kc36Og'),('Argentina latente','Wyman, Kuphal and Gulgowski',308431,410,'Danish','https://jamesclear.com/book-summaries/a-short-guide-to-a-happy-life','https://designforwriters.com/wp-content/uploads/2017/10/design-for-writers-book-cover-tf-2-a-million-to-one.jpg?fbclid=IwAR0To4DgjsBK8VuijMXH7WiTtbYO0UrDPZy0FhkIdyPVWFDPDfqD0Kc36Og'),('Sweeney, The','Turner, Altenwerth and Wilderman',315502,417,'Tswana','https://jamesclear.com/book-summaries/a-short-guide-to-a-happy-life','https://designforwriters.com/wp-content/uploads/2017/10/design-for-writers-book-cover-tf-2-a-million-to-one.jpg?fbclid=IwAR0To4DgjsBK8VuijMXH7WiTtbYO0UrDPZy0FhkIdyPVWFDPDfqD0Kc36Og'),('Dangerous Liaisons','Lesch-Purdy',317695,274,'Bislama','https://jamesclear.com/book-summaries/a-short-guide-to-a-happy-life','https://designforwriters.com/wp-content/uploads/2017/10/design-for-writers-book-cover-tf-2-a-million-to-one.jpg?fbclid=IwAR0To4DgjsBK8VuijMXH7WiTtbYO0UrDPZy0FhkIdyPVWFDPDfqD0Kc36Og'),('Keyhole','Lockman-O\'Connell',329814,852,'Thai','https://jamesclear.com/book-summaries/a-short-guide-to-a-happy-life','https://designforwriters.com/wp-content/uploads/2017/10/design-for-writers-book-cover-tf-2-a-million-to-one.jpg?fbclid=IwAR0To4DgjsBK8VuijMXH7WiTtbYO0UrDPZy0FhkIdyPVWFDPDfqD0Kc36Og'),('Grabbers','Stehr and Sons',329848,397,'Croatian','https://jamesclear.com/book-summaries/a-short-guide-to-a-happy-life','https://designforwriters.com/wp-content/uploads/2017/10/design-for-writers-book-cover-tf-2-a-million-to-one.jpg?fbclid=IwAR0To4DgjsBK8VuijMXH7WiTtbYO0UrDPZy0FhkIdyPVWFDPDfqD0Kc36Og'),('Brother of Sleep (Schlafes Bruder)','Daugherty-Beer',338590,805,'Punjabi','https://jamesclear.com/book-summaries/a-short-guide-to-a-happy-life','https://designforwriters.com/wp-content/uploads/2017/10/design-for-writers-book-cover-tf-2-a-million-to-one.jpg?fbclid=IwAR0To4DgjsBK8VuijMXH7WiTtbYO0UrDPZy0FhkIdyPVWFDPDfqD0Kc36Og'),('From Hell','Paucek-Feest',343915,859,'Malayalam','https://jamesclear.com/book-summaries/a-short-guide-to-a-happy-life','https://designforwriters.com/wp-content/uploads/2017/10/design-for-writers-book-cover-tf-2-a-million-to-one.jpg?fbclid=IwAR0To4DgjsBK8VuijMXH7WiTtbYO0UrDPZy0FhkIdyPVWFDPDfqD0Kc36Og'),('Panama Hattie','Medhurst Group',360485,367,'Czech','https://jamesclear.com/book-summaries/a-short-guide-to-a-happy-life','https://designforwriters.com/wp-content/uploads/2017/10/design-for-writers-book-cover-tf-2-a-million-to-one.jpg?fbclid=IwAR0To4DgjsBK8VuijMXH7WiTtbYO0UrDPZy0FhkIdyPVWFDPDfqD0Kc36Og'),('Man in the Middle','Connelly Inc',366414,750,'Latvian','https://jamesclear.com/book-summaries/a-short-guide-to-a-happy-life','https://designforwriters.com/wp-content/uploads/2017/10/design-for-writers-book-cover-tf-2-a-million-to-one.jpg?fbclid=IwAR0To4DgjsBK8VuijMXH7WiTtbYO0UrDPZy0FhkIdyPVWFDPDfqD0Kc36Og'),('39 Steps, The','Hudson Group',371067,334,'Belarusian','https://jamesclear.com/book-summaries/a-short-guide-to-a-happy-life','https://designforwriters.com/wp-content/uploads/2017/10/design-for-writers-book-cover-tf-2-a-million-to-one.jpg?fbclid=IwAR0To4DgjsBK8VuijMXH7WiTtbYO0UrDPZy0FhkIdyPVWFDPDfqD0Kc36Og'),('Suburbia','Ferry, Langosh and Gleichner',374911,864,'Malagasy','https://jamesclear.com/book-summaries/a-short-guide-to-a-happy-life','https://designforwriters.com/wp-content/uploads/2017/10/design-for-writers-book-cover-tf-2-a-million-to-one.jpg?fbclid=IwAR0To4DgjsBK8VuijMXH7WiTtbYO0UrDPZy0FhkIdyPVWFDPDfqD0Kc36Og'),('Glory Daze','Herzog and Sons',375109,842,'Hindi','https://jamesclear.com/book-summaries/a-short-guide-to-a-happy-life','https://designforwriters.com/wp-content/uploads/2017/10/design-for-writers-book-cover-tf-2-a-million-to-one.jpg?fbclid=IwAR0To4DgjsBK8VuijMXH7WiTtbYO0UrDPZy0FhkIdyPVWFDPDfqD0Kc36Og'),('Footlight Parade','O\'Hara, Huels and Bosco',377520,615,'Papiamento','https://jamesclear.com/book-summaries/a-short-guide-to-a-happy-life','https://designforwriters.com/wp-content/uploads/2017/10/design-for-writers-book-cover-tf-2-a-million-to-one.jpg?fbclid=IwAR0To4DgjsBK8VuijMXH7WiTtbYO0UrDPZy0FhkIdyPVWFDPDfqD0Kc36Og'),('Crows and Sparrows (Wuya yu maque)','Corwin and Sons',381321,229,'Portuguese','https://jamesclear.com/book-summaries/a-short-guide-to-a-happy-life','https://designforwriters.com/wp-content/uploads/2017/10/design-for-writers-book-cover-tf-2-a-million-to-one.jpg?fbclid=IwAR0To4DgjsBK8VuijMXH7WiTtbYO0UrDPZy0FhkIdyPVWFDPDfqD0Kc36Og'),('Pursuit of the Graf Spee (Battle of the River Plate, The)','Balistreri Group',383168,977,'Māori','https://jamesclear.com/book-summaries/a-short-guide-to-a-happy-life','https://designforwriters.com/wp-content/uploads/2017/10/design-for-writers-book-cover-tf-2-a-million-to-one.jpg?fbclid=IwAR0To4DgjsBK8VuijMXH7WiTtbYO0UrDPZy0FhkIdyPVWFDPDfqD0Kc36Og'),('Recruit, The','Schimmel-Ryan',383873,441,'Dari','https://jamesclear.com/book-summaries/a-short-guide-to-a-happy-life','https://designforwriters.com/wp-content/uploads/2017/10/design-for-writers-book-cover-tf-2-a-million-to-one.jpg?fbclid=IwAR0To4DgjsBK8VuijMXH7WiTtbYO0UrDPZy0FhkIdyPVWFDPDfqD0Kc36Og'),('Hello! How Are You? (Buna! Ce faci?)','Towne and Sons',387140,813,'Montenegrin','https://jamesclear.com/book-summaries/a-short-guide-to-a-happy-life','https://designforwriters.com/wp-content/uploads/2017/10/design-for-writers-book-cover-tf-2-a-million-to-one.jpg?fbclid=IwAR0To4DgjsBK8VuijMXH7WiTtbYO0UrDPZy0FhkIdyPVWFDPDfqD0Kc36Og'),('Mourning Forest, The (Mogari no mori)','Abernathy-Rippin',399523,122,'Irish Gaelic','https://jamesclear.com/book-summaries/a-short-guide-to-a-happy-life','https://designforwriters.com/wp-content/uploads/2017/10/design-for-writers-book-cover-tf-2-a-million-to-one.jpg?fbclid=IwAR0To4DgjsBK8VuijMXH7WiTtbYO0UrDPZy0FhkIdyPVWFDPDfqD0Kc36Og'),('The Vanishing American','Hamill-Franecki',401488,558,'Hindi','https://jamesclear.com/book-summaries/a-short-guide-to-a-happy-life','https://designforwriters.com/wp-content/uploads/2017/10/design-for-writers-book-cover-tf-2-a-million-to-one.jpg?fbclid=IwAR0To4DgjsBK8VuijMXH7WiTtbYO0UrDPZy0FhkIdyPVWFDPDfqD0Kc36Og'),('Dances Sacred and Profane','Bins-Bartell',416642,466,'Swati','https://jamesclear.com/book-summaries/a-short-guide-to-a-happy-life','https://designforwriters.com/wp-content/uploads/2017/10/design-for-writers-book-cover-tf-2-a-million-to-one.jpg?fbclid=IwAR0To4DgjsBK8VuijMXH7WiTtbYO0UrDPZy0FhkIdyPVWFDPDfqD0Kc36Og'),('Megaforce','Thiel, Padberg and Schowalter',424813,431,'Somali','https://jamesclear.com/book-summaries/a-short-guide-to-a-happy-life','https://designforwriters.com/wp-content/uploads/2017/10/design-for-writers-book-cover-tf-2-a-million-to-one.jpg?fbclid=IwAR0To4DgjsBK8VuijMXH7WiTtbYO0UrDPZy0FhkIdyPVWFDPDfqD0Kc36Og'),('1911 (Xinhai geming)','Rutherford, Mills and Gleason',425287,700,'English','https://jamesclear.com/book-summaries/a-short-guide-to-a-happy-life','https://designforwriters.com/wp-content/uploads/2017/10/design-for-writers-book-cover-tf-2-a-million-to-one.jpg?fbclid=IwAR0To4DgjsBK8VuijMXH7WiTtbYO0UrDPZy0FhkIdyPVWFDPDfqD0Kc36Og'),('Sheriff and the Satellite Kid, The','Schimmel Group',429968,369,'Marathi','https://jamesclear.com/book-summaries/a-short-guide-to-a-happy-life','https://designforwriters.com/wp-content/uploads/2017/10/design-for-writers-book-cover-tf-2-a-million-to-one.jpg?fbclid=IwAR0To4DgjsBK8VuijMXH7WiTtbYO0UrDPZy0FhkIdyPVWFDPDfqD0Kc36Og'),('Brake','Huels, Terry and Towne',433189,954,'Albanian','https://jamesclear.com/book-summaries/a-short-guide-to-a-happy-life','https://designforwriters.com/wp-content/uploads/2017/10/design-for-writers-book-cover-tf-2-a-million-to-one.jpg?fbclid=IwAR0To4DgjsBK8VuijMXH7WiTtbYO0UrDPZy0FhkIdyPVWFDPDfqD0Kc36Og'),('Town Without Pity','Stanton, Bogisich and Gerlach',440860,786,'Guaraní','https://jamesclear.com/book-summaries/a-short-guide-to-a-happy-life','https://designforwriters.com/wp-content/uploads/2017/10/design-for-writers-book-cover-tf-2-a-million-to-one.jpg?fbclid=IwAR0To4DgjsBK8VuijMXH7WiTtbYO0UrDPZy0FhkIdyPVWFDPDfqD0Kc36Og'),('To Be and to Have (Être et avoir)','Tromp Group',442942,396,'Amharic','https://jamesclear.com/book-summaries/a-short-guide-to-a-happy-life','https://designforwriters.com/wp-content/uploads/2017/10/design-for-writers-book-cover-tf-2-a-million-to-one.jpg?fbclid=IwAR0To4DgjsBK8VuijMXH7WiTtbYO0UrDPZy0FhkIdyPVWFDPDfqD0Kc36Og'),('Appointment with Danger','Denesik Group',445702,613,'Tamil','https://jamesclear.com/book-summaries/a-short-guide-to-a-happy-life','https://designforwriters.com/wp-content/uploads/2017/10/design-for-writers-book-cover-tf-2-a-million-to-one.jpg?fbclid=IwAR0To4DgjsBK8VuijMXH7WiTtbYO0UrDPZy0FhkIdyPVWFDPDfqD0Kc36Og'),('Hysteria: The Def Leppard Story','Kutch Group',449129,147,'Filipino','https://jamesclear.com/book-summaries/a-short-guide-to-a-happy-life','https://designforwriters.com/wp-content/uploads/2017/10/design-for-writers-book-cover-tf-2-a-million-to-one.jpg?fbclid=IwAR0To4DgjsBK8VuijMXH7WiTtbYO0UrDPZy0FhkIdyPVWFDPDfqD0Kc36Og'),('Three Worlds (Trois mondes)','Lemke, Romaguera and Hermiston',467145,434,'Telugu','https://jamesclear.com/book-summaries/a-short-guide-to-a-happy-life','https://designforwriters.com/wp-content/uploads/2017/10/design-for-writers-book-cover-tf-2-a-million-to-one.jpg?fbclid=IwAR0To4DgjsBK8VuijMXH7WiTtbYO0UrDPZy0FhkIdyPVWFDPDfqD0Kc36Og'),('Aelita: The Queen of Mars (Aelita)','Morissette, Cummerata and Aufderhar',468525,321,'Tajik','https://jamesclear.com/book-summaries/a-short-guide-to-a-happy-life','https://designforwriters.com/wp-content/uploads/2017/10/design-for-writers-book-cover-tf-2-a-million-to-one.jpg?fbclid=IwAR0To4DgjsBK8VuijMXH7WiTtbYO0UrDPZy0FhkIdyPVWFDPDfqD0Kc36Og'),('Russian Ark (Russkiy Kovcheg)','Jaskolski-Robel',470576,182,'Greek','https://jamesclear.com/book-summaries/a-short-guide-to-a-happy-life','https://designforwriters.com/wp-content/uploads/2017/10/design-for-writers-book-cover-tf-2-a-million-to-one.jpg?fbclid=IwAR0To4DgjsBK8VuijMXH7WiTtbYO0UrDPZy0FhkIdyPVWFDPDfqD0Kc36Og'),('8 Heads in a Duffel Bag','Rippin, Bartoletti and Stehr',474912,989,'Zulu','https://jamesclear.com/book-summaries/a-short-guide-to-a-happy-life','https://designforwriters.com/wp-content/uploads/2017/10/design-for-writers-book-cover-tf-2-a-million-to-one.jpg?fbclid=IwAR0To4DgjsBK8VuijMXH7WiTtbYO0UrDPZy0FhkIdyPVWFDPDfqD0Kc36Og'),('History of the Eagles','Harvey, Monahan and Kautzer',475981,136,'Lao','https://jamesclear.com/book-summaries/a-short-guide-to-a-happy-life','https://designforwriters.com/wp-content/uploads/2017/10/design-for-writers-book-cover-tf-2-a-million-to-one.jpg?fbclid=IwAR0To4DgjsBK8VuijMXH7WiTtbYO0UrDPZy0FhkIdyPVWFDPDfqD0Kc36Og'),('Encore','Keebler Group',476195,470,'Portuguese','https://jamesclear.com/book-summaries/a-short-guide-to-a-happy-life','https://designforwriters.com/wp-content/uploads/2017/10/design-for-writers-book-cover-tf-2-a-million-to-one.jpg?fbclid=IwAR0To4DgjsBK8VuijMXH7WiTtbYO0UrDPZy0FhkIdyPVWFDPDfqD0Kc36Og'),('The Fourth War','Heaney Inc',479884,696,'Sotho','https://jamesclear.com/book-summaries/a-short-guide-to-a-happy-life','https://designforwriters.com/wp-content/uploads/2017/10/design-for-writers-book-cover-tf-2-a-million-to-one.jpg?fbclid=IwAR0To4DgjsBK8VuijMXH7WiTtbYO0UrDPZy0FhkIdyPVWFDPDfqD0Kc36Og'),('Last American Hero, The','Kerluke Group',483476,846,'Armenian','https://jamesclear.com/book-summaries/a-short-guide-to-a-happy-life','https://designforwriters.com/wp-content/uploads/2017/10/design-for-writers-book-cover-tf-2-a-million-to-one.jpg?fbclid=IwAR0To4DgjsBK8VuijMXH7WiTtbYO0UrDPZy0FhkIdyPVWFDPDfqD0Kc36Og'),('Paradise','Heidenreich and Sons',485774,602,'Macedonian','https://jamesclear.com/book-summaries/a-short-guide-to-a-happy-life','https://designforwriters.com/wp-content/uploads/2017/10/design-for-writers-book-cover-tf-2-a-million-to-one.jpg?fbclid=IwAR0To4DgjsBK8VuijMXH7WiTtbYO0UrDPZy0FhkIdyPVWFDPDfqD0Kc36Og'),('Free Men (Les hommes libres)','Balistreri-Blanda',489776,463,'Yiddish','https://jamesclear.com/book-summaries/a-short-guide-to-a-happy-life','https://designforwriters.com/wp-content/uploads/2017/10/design-for-writers-book-cover-tf-2-a-million-to-one.jpg?fbclid=IwAR0To4DgjsBK8VuijMXH7WiTtbYO0UrDPZy0FhkIdyPVWFDPDfqD0Kc36Og'),('Red Sonja','Doyle and Sons',501994,321,'Lithuanian','https://jamesclear.com/book-summaries/a-short-guide-to-a-happy-life','https://designforwriters.com/wp-content/uploads/2017/10/design-for-writers-book-cover-tf-2-a-million-to-one.jpg?fbclid=IwAR0To4DgjsBK8VuijMXH7WiTtbYO0UrDPZy0FhkIdyPVWFDPDfqD0Kc36Og'),('Einstein and Eddington','Stamm, Walsh and Moore',513080,838,'Hindi','https://jamesclear.com/book-summaries/a-short-guide-to-a-happy-life','https://designforwriters.com/wp-content/uploads/2017/10/design-for-writers-book-cover-tf-2-a-million-to-one.jpg?fbclid=IwAR0To4DgjsBK8VuijMXH7WiTtbYO0UrDPZy0FhkIdyPVWFDPDfqD0Kc36Og'),('Sheriff and the Satellite Kid, The','Ankunding Group',526859,467,'Afrikaans','https://jamesclear.com/book-summaries/a-short-guide-to-a-happy-life','https://designforwriters.com/wp-content/uploads/2017/10/design-for-writers-book-cover-tf-2-a-million-to-one.jpg?fbclid=IwAR0To4DgjsBK8VuijMXH7WiTtbYO0UrDPZy0FhkIdyPVWFDPDfqD0Kc36Og'),('Girl From Paris, A (hirondelle a fait le printemps, Une)','Harris-Morissette',530126,690,'Georgian','https://jamesclear.com/book-summaries/a-short-guide-to-a-happy-life','https://designforwriters.com/wp-content/uploads/2017/10/design-for-writers-book-cover-tf-2-a-million-to-one.jpg?fbclid=IwAR0To4DgjsBK8VuijMXH7WiTtbYO0UrDPZy0FhkIdyPVWFDPDfqD0Kc36Og'),('Peep World','Lowe, Shanahan and Gislason',535998,386,'Kazakh','https://jamesclear.com/book-summaries/a-short-guide-to-a-happy-life','https://designforwriters.com/wp-content/uploads/2017/10/design-for-writers-book-cover-tf-2-a-million-to-one.jpg?fbclid=IwAR0To4DgjsBK8VuijMXH7WiTtbYO0UrDPZy0FhkIdyPVWFDPDfqD0Kc36Og'),('Boat That Rocked, The (a.k.a. Pirate Radio)','Wolf and Sons',537407,448,'Tajik','https://jamesclear.com/book-summaries/a-short-guide-to-a-happy-life','https://designforwriters.com/wp-content/uploads/2017/10/design-for-writers-book-cover-tf-2-a-million-to-one.jpg?fbclid=IwAR0To4DgjsBK8VuijMXH7WiTtbYO0UrDPZy0FhkIdyPVWFDPDfqD0Kc36Og'),('Stille nacht','Steuber, Roberts and Kirlin',546658,511,'Estonian','https://jamesclear.com/book-summaries/a-short-guide-to-a-happy-life','https://designforwriters.com/wp-content/uploads/2017/10/design-for-writers-book-cover-tf-2-a-million-to-one.jpg?fbclid=IwAR0To4DgjsBK8VuijMXH7WiTtbYO0UrDPZy0FhkIdyPVWFDPDfqD0Kc36Og'),('Decade Under the Influence, A','Cruickshank-Hilpert',556189,631,'Belarusian','https://jamesclear.com/book-summaries/a-short-guide-to-a-happy-life','https://designforwriters.com/wp-content/uploads/2017/10/design-for-writers-book-cover-tf-2-a-million-to-one.jpg?fbclid=IwAR0To4DgjsBK8VuijMXH7WiTtbYO0UrDPZy0FhkIdyPVWFDPDfqD0Kc36Og'),('Geographer Drank His Globe Away, The (Geograf globus propil)','Padberg LLC',557402,471,'Swahili','https://jamesclear.com/book-summaries/a-short-guide-to-a-happy-life','https://designforwriters.com/wp-content/uploads/2017/10/design-for-writers-book-cover-tf-2-a-million-to-one.jpg?fbclid=IwAR0To4DgjsBK8VuijMXH7WiTtbYO0UrDPZy0FhkIdyPVWFDPDfqD0Kc36Og'),('Evangelion: 3.0 You Can (Not) Redo','Marvin, Yost and VonRueden',567103,850,'Tok Pisin','https://jamesclear.com/book-summaries/a-short-guide-to-a-happy-life','https://designforwriters.com/wp-content/uploads/2017/10/design-for-writers-book-cover-tf-2-a-million-to-one.jpg?fbclid=IwAR0To4DgjsBK8VuijMXH7WiTtbYO0UrDPZy0FhkIdyPVWFDPDfqD0Kc36Og'),('Repossessed','Predovic-Wehner',567400,797,'Mongolian','https://jamesclear.com/book-summaries/a-short-guide-to-a-happy-life','https://designforwriters.com/wp-content/uploads/2017/10/design-for-writers-book-cover-tf-2-a-million-to-one.jpg?fbclid=IwAR0To4DgjsBK8VuijMXH7WiTtbYO0UrDPZy0FhkIdyPVWFDPDfqD0Kc36Og'),('Music of the Heart','Klocko, Rau and Casper',591808,103,'Tok Pisin','https://jamesclear.com/book-summaries/a-short-guide-to-a-happy-life','https://designforwriters.com/wp-content/uploads/2017/10/design-for-writers-book-cover-tf-2-a-million-to-one.jpg?fbclid=IwAR0To4DgjsBK8VuijMXH7WiTtbYO0UrDPZy0FhkIdyPVWFDPDfqD0Kc36Og'),('Starred Up','Romaguera-Roberts',593330,509,'Nepali','https://jamesclear.com/book-summaries/a-short-guide-to-a-happy-life','https://designforwriters.com/wp-content/uploads/2017/10/design-for-writers-book-cover-tf-2-a-million-to-one.jpg?fbclid=IwAR0To4DgjsBK8VuijMXH7WiTtbYO0UrDPZy0FhkIdyPVWFDPDfqD0Kc36Og'),('Jupiter\'s Wife','Larkin-Schroeder',598594,834,'Swahili','https://jamesclear.com/book-summaries/a-short-guide-to-a-happy-life','https://designforwriters.com/wp-content/uploads/2017/10/design-for-writers-book-cover-tf-2-a-million-to-one.jpg?fbclid=IwAR0To4DgjsBK8VuijMXH7WiTtbYO0UrDPZy0FhkIdyPVWFDPDfqD0Kc36Og'),('Hunted, The','Bernhard-Schaden',599969,340,'Hebrew','https://jamesclear.com/book-summaries/a-short-guide-to-a-happy-life','https://designforwriters.com/wp-content/uploads/2017/10/design-for-writers-book-cover-tf-2-a-million-to-one.jpg?fbclid=IwAR0To4DgjsBK8VuijMXH7WiTtbYO0UrDPZy0FhkIdyPVWFDPDfqD0Kc36Og'),('American Strays','Brekke, Bosco and Wiza',607296,408,'Lao','https://jamesclear.com/book-summaries/a-short-guide-to-a-happy-life','https://designforwriters.com/wp-content/uploads/2017/10/design-for-writers-book-cover-tf-2-a-million-to-one.jpg?fbclid=IwAR0To4DgjsBK8VuijMXH7WiTtbYO0UrDPZy0FhkIdyPVWFDPDfqD0Kc36Og'),('Masterminds','Schultz-Daniel',615588,227,'Swedish','https://jamesclear.com/book-summaries/a-short-guide-to-a-happy-life','https://designforwriters.com/wp-content/uploads/2017/10/design-for-writers-book-cover-tf-2-a-million-to-one.jpg?fbclid=IwAR0To4DgjsBK8VuijMXH7WiTtbYO0UrDPZy0FhkIdyPVWFDPDfqD0Kc36Og'),('Tiptoes','Lynch Inc',623010,198,'Lao','https://jamesclear.com/book-summaries/a-short-guide-to-a-happy-life','https://designforwriters.com/wp-content/uploads/2017/10/design-for-writers-book-cover-tf-2-a-million-to-one.jpg?fbclid=IwAR0To4DgjsBK8VuijMXH7WiTtbYO0UrDPZy0FhkIdyPVWFDPDfqD0Kc36Og'),('Sam Peckinpah\'s West: Legacy of a Hollywood Renegade','Nader, Kihn and Kuhlman',627812,186,'French','https://jamesclear.com/book-summaries/a-short-guide-to-a-happy-life','https://designforwriters.com/wp-content/uploads/2017/10/design-for-writers-book-cover-tf-2-a-million-to-one.jpg?fbclid=IwAR0To4DgjsBK8VuijMXH7WiTtbYO0UrDPZy0FhkIdyPVWFDPDfqD0Kc36Og'),('Onechanbara - Zombie Bikini Squad (a.k.a. Oneechanbara: The Movie)','O\'Conner, Marvin and Hoppe',635068,529,'Marathi','https://jamesclear.com/book-summaries/a-short-guide-to-a-happy-life','https://designforwriters.com/wp-content/uploads/2017/10/design-for-writers-book-cover-tf-2-a-million-to-one.jpg?fbclid=IwAR0To4DgjsBK8VuijMXH7WiTtbYO0UrDPZy0FhkIdyPVWFDPDfqD0Kc36Og'),('Johnny English Reborn','Stokes Inc',635150,212,'Greek','https://jamesclear.com/book-summaries/a-short-guide-to-a-happy-life','https://designforwriters.com/wp-content/uploads/2017/10/design-for-writers-book-cover-tf-2-a-million-to-one.jpg?fbclid=IwAR0To4DgjsBK8VuijMXH7WiTtbYO0UrDPZy0FhkIdyPVWFDPDfqD0Kc36Og'),('Shall We Dance?','Boyle-Hilll',643843,554,'Georgian','https://jamesclear.com/book-summaries/a-short-guide-to-a-happy-life','https://designforwriters.com/wp-content/uploads/2017/10/design-for-writers-book-cover-tf-2-a-million-to-one.jpg?fbclid=IwAR0To4DgjsBK8VuijMXH7WiTtbYO0UrDPZy0FhkIdyPVWFDPDfqD0Kc36Og'),('Rent: Filmed Live on Broadway','Rath, Harris and Kulas',646271,494,'Afrikaans','https://jamesclear.com/book-summaries/a-short-guide-to-a-happy-life','https://designforwriters.com/wp-content/uploads/2017/10/design-for-writers-book-cover-tf-2-a-million-to-one.jpg?fbclid=IwAR0To4DgjsBK8VuijMXH7WiTtbYO0UrDPZy0FhkIdyPVWFDPDfqD0Kc36Og'),('Strangers with Candy','Toy, Thiel and Wolf',646694,504,'Yiddish','https://jamesclear.com/book-summaries/a-short-guide-to-a-happy-life','https://designforwriters.com/wp-content/uploads/2017/10/design-for-writers-book-cover-tf-2-a-million-to-one.jpg?fbclid=IwAR0To4DgjsBK8VuijMXH7WiTtbYO0UrDPZy0FhkIdyPVWFDPDfqD0Kc36Og'),('Leopard Man, The','Connelly, Muller and Renner',656574,696,'Bislama','https://jamesclear.com/book-summaries/a-short-guide-to-a-happy-life','https://designforwriters.com/wp-content/uploads/2017/10/design-for-writers-book-cover-tf-2-a-million-to-one.jpg?fbclid=IwAR0To4DgjsBK8VuijMXH7WiTtbYO0UrDPZy0FhkIdyPVWFDPDfqD0Kc36Og'),('Monkey\'s Teeth (Dents du singe, Les)','Wiegand, Gulgowski and Lehner',657488,977,'Hungarian','https://jamesclear.com/book-summaries/a-short-guide-to-a-happy-life','https://designforwriters.com/wp-content/uploads/2017/10/design-for-writers-book-cover-tf-2-a-million-to-one.jpg?fbclid=IwAR0To4DgjsBK8VuijMXH7WiTtbYO0UrDPZy0FhkIdyPVWFDPDfqD0Kc36Og'),('Momma\'s Man','Lubowitz, Dare and Will',657610,739,'Greek','https://jamesclear.com/book-summaries/a-short-guide-to-a-happy-life','https://designforwriters.com/wp-content/uploads/2017/10/design-for-writers-book-cover-tf-2-a-million-to-one.jpg?fbclid=IwAR0To4DgjsBK8VuijMXH7WiTtbYO0UrDPZy0FhkIdyPVWFDPDfqD0Kc36Og'),('Pepe','Rempel LLC',662370,674,'Gagauz','https://jamesclear.com/book-summaries/a-short-guide-to-a-happy-life','https://designforwriters.com/wp-content/uploads/2017/10/design-for-writers-book-cover-tf-2-a-million-to-one.jpg?fbclid=IwAR0To4DgjsBK8VuijMXH7WiTtbYO0UrDPZy0FhkIdyPVWFDPDfqD0Kc36Og'),('Night Terrors','Mayert and Sons',674585,691,'Gujarati','https://jamesclear.com/book-summaries/a-short-guide-to-a-happy-life','https://designforwriters.com/wp-content/uploads/2017/10/design-for-writers-book-cover-tf-2-a-million-to-one.jpg?fbclid=IwAR0To4DgjsBK8VuijMXH7WiTtbYO0UrDPZy0FhkIdyPVWFDPDfqD0Kc36Og'),('Pal Joey','Kshlerin, Lowe and Hintz',676649,408,'Romanian','https://jamesclear.com/book-summaries/a-short-guide-to-a-happy-life','https://designforwriters.com/wp-content/uploads/2017/10/design-for-writers-book-cover-tf-2-a-million-to-one.jpg?fbclid=IwAR0To4DgjsBK8VuijMXH7WiTtbYO0UrDPZy0FhkIdyPVWFDPDfqD0Kc36Og'),('Secret Policeman\'s Other Ball, The','Padberg, Schimmel and Bode',685931,943,'Japanese','https://jamesclear.com/book-summaries/a-short-guide-to-a-happy-life','https://designforwriters.com/wp-content/uploads/2017/10/design-for-writers-book-cover-tf-2-a-million-to-one.jpg?fbclid=IwAR0To4DgjsBK8VuijMXH7WiTtbYO0UrDPZy0FhkIdyPVWFDPDfqD0Kc36Og'),('AVPR: Aliens vs. Predator - Requiem','Carroll and Sons',686329,586,'Czech','https://jamesclear.com/book-summaries/a-short-guide-to-a-happy-life','https://designforwriters.com/wp-content/uploads/2017/10/design-for-writers-book-cover-tf-2-a-million-to-one.jpg?fbclid=IwAR0To4DgjsBK8VuijMXH7WiTtbYO0UrDPZy0FhkIdyPVWFDPDfqD0Kc36Og'),('Star Trek','Rutherford, Hills and Erdman',688324,370,'Dzongkha','https://jamesclear.com/book-summaries/a-short-guide-to-a-happy-life','https://designforwriters.com/wp-content/uploads/2017/10/design-for-writers-book-cover-tf-2-a-million-to-one.jpg?fbclid=IwAR0To4DgjsBK8VuijMXH7WiTtbYO0UrDPZy0FhkIdyPVWFDPDfqD0Kc36Og'),('Prison Break: The Final Break','Feest-Farrell',688863,580,'Portuguese','https://jamesclear.com/book-summaries/a-short-guide-to-a-happy-life','https://designforwriters.com/wp-content/uploads/2017/10/design-for-writers-book-cover-tf-2-a-million-to-one.jpg?fbclid=IwAR0To4DgjsBK8VuijMXH7WiTtbYO0UrDPZy0FhkIdyPVWFDPDfqD0Kc36Og'),('Sister Helen ','Herman-Stokes',692342,958,'Montenegrin','https://jamesclear.com/book-summaries/a-short-guide-to-a-happy-life','https://designforwriters.com/wp-content/uploads/2017/10/design-for-writers-book-cover-tf-2-a-million-to-one.jpg?fbclid=IwAR0To4DgjsBK8VuijMXH7WiTtbYO0UrDPZy0FhkIdyPVWFDPDfqD0Kc36Og'),('Attack of the Mushroom People (Matango)','Kshlerin and Sons',698543,923,'Korean','https://jamesclear.com/book-summaries/a-short-guide-to-a-happy-life','https://designforwriters.com/wp-content/uploads/2017/10/design-for-writers-book-cover-tf-2-a-million-to-one.jpg?fbclid=IwAR0To4DgjsBK8VuijMXH7WiTtbYO0UrDPZy0FhkIdyPVWFDPDfqD0Kc36Og'),('Toothless','Parisian-Kuvalis',702460,688,'Kashmiri','https://jamesclear.com/book-summaries/a-short-guide-to-a-happy-life','https://designforwriters.com/wp-content/uploads/2017/10/design-for-writers-book-cover-tf-2-a-million-to-one.jpg?fbclid=IwAR0To4DgjsBK8VuijMXH7WiTtbYO0UrDPZy0FhkIdyPVWFDPDfqD0Kc36Og'),('Such a Long Journey','Blick-Deckow',706721,344,'Estonian','https://jamesclear.com/book-summaries/a-short-guide-to-a-happy-life','https://designforwriters.com/wp-content/uploads/2017/10/design-for-writers-book-cover-tf-2-a-million-to-one.jpg?fbclid=IwAR0To4DgjsBK8VuijMXH7WiTtbYO0UrDPZy0FhkIdyPVWFDPDfqD0Kc36Og'),('Hot Rock, The','Ward-Shields',714990,877,'Oriya','https://jamesclear.com/book-summaries/a-short-guide-to-a-happy-life','https://designforwriters.com/wp-content/uploads/2017/10/design-for-writers-book-cover-tf-2-a-million-to-one.jpg?fbclid=IwAR0To4DgjsBK8VuijMXH7WiTtbYO0UrDPZy0FhkIdyPVWFDPDfqD0Kc36Og'),('Little Fauss and Big Halsy','Bashirian LLC',719997,696,'Italian','https://jamesclear.com/book-summaries/a-short-guide-to-a-happy-life','https://designforwriters.com/wp-content/uploads/2017/10/design-for-writers-book-cover-tf-2-a-million-to-one.jpg?fbclid=IwAR0To4DgjsBK8VuijMXH7WiTtbYO0UrDPZy0FhkIdyPVWFDPDfqD0Kc36Og'),('Holy Man','Muller Group',721851,265,'Lao','https://jamesclear.com/book-summaries/a-short-guide-to-a-happy-life','https://designforwriters.com/wp-content/uploads/2017/10/design-for-writers-book-cover-tf-2-a-million-to-one.jpg?fbclid=IwAR0To4DgjsBK8VuijMXH7WiTtbYO0UrDPZy0FhkIdyPVWFDPDfqD0Kc36Og'),('Big Eyes','Pfannerstill-Abshire',725426,332,'Punjabi','https://jamesclear.com/book-summaries/a-short-guide-to-a-happy-life','https://designforwriters.com/wp-content/uploads/2017/10/design-for-writers-book-cover-tf-2-a-million-to-one.jpg?fbclid=IwAR0To4DgjsBK8VuijMXH7WiTtbYO0UrDPZy0FhkIdyPVWFDPDfqD0Kc36Og'),('The Girls','Miller-Nikolaus',726650,620,'Persian','https://jamesclear.com/book-summaries/a-short-guide-to-a-happy-life','https://designforwriters.com/wp-content/uploads/2017/10/design-for-writers-book-cover-tf-2-a-million-to-one.jpg?fbclid=IwAR0To4DgjsBK8VuijMXH7WiTtbYO0UrDPZy0FhkIdyPVWFDPDfqD0Kc36Og'),('Look','Heaney, Rosenbaum and Volkman',733662,177,'Lithuanian','https://jamesclear.com/book-summaries/a-short-guide-to-a-happy-life','https://designforwriters.com/wp-content/uploads/2017/10/design-for-writers-book-cover-tf-2-a-million-to-one.jpg?fbclid=IwAR0To4DgjsBK8VuijMXH7WiTtbYO0UrDPZy0FhkIdyPVWFDPDfqD0Kc36Og'),('Crow, The','Gleason, Kub and Wyman',743901,196,'Maltese','https://jamesclear.com/book-summaries/a-short-guide-to-a-happy-life','https://designforwriters.com/wp-content/uploads/2017/10/design-for-writers-book-cover-tf-2-a-million-to-one.jpg?fbclid=IwAR0To4DgjsBK8VuijMXH7WiTtbYO0UrDPZy0FhkIdyPVWFDPDfqD0Kc36Og'),('Adelheid','Jast, Kemmer and O\'Reilly',744770,284,'Somali','https://jamesclear.com/book-summaries/a-short-guide-to-a-happy-life','https://designforwriters.com/wp-content/uploads/2017/10/design-for-writers-book-cover-tf-2-a-million-to-one.jpg?fbclid=IwAR0To4DgjsBK8VuijMXH7WiTtbYO0UrDPZy0FhkIdyPVWFDPDfqD0Kc36Og'),('Lucky Break (a.k.a. Paperback Romance)','Russel LLC',751484,159,'Swahili','https://jamesclear.com/book-summaries/a-short-guide-to-a-happy-life','https://designforwriters.com/wp-content/uploads/2017/10/design-for-writers-book-cover-tf-2-a-million-to-one.jpg?fbclid=IwAR0To4DgjsBK8VuijMXH7WiTtbYO0UrDPZy0FhkIdyPVWFDPDfqD0Kc36Og'),('Little Bit of Heaven, A','O\'Conner, Beier and Marvin',753573,770,'Lithuanian','https://jamesclear.com/book-summaries/a-short-guide-to-a-happy-life','https://designforwriters.com/wp-content/uploads/2017/10/design-for-writers-book-cover-tf-2-a-million-to-one.jpg?fbclid=IwAR0To4DgjsBK8VuijMXH7WiTtbYO0UrDPZy0FhkIdyPVWFDPDfqD0Kc36Og'),('Atlantis: The Lost Empire','Morissette-Turcotte',757767,500,'Lithuanian','https://jamesclear.com/book-summaries/a-short-guide-to-a-happy-life','https://designforwriters.com/wp-content/uploads/2017/10/design-for-writers-book-cover-tf-2-a-million-to-one.jpg?fbclid=IwAR0To4DgjsBK8VuijMXH7WiTtbYO0UrDPZy0FhkIdyPVWFDPDfqD0Kc36Og'),('Bucket Of Blood, A','White LLC',757854,684,'Albanian','https://jamesclear.com/book-summaries/a-short-guide-to-a-happy-life','https://designforwriters.com/wp-content/uploads/2017/10/design-for-writers-book-cover-tf-2-a-million-to-one.jpg?fbclid=IwAR0To4DgjsBK8VuijMXH7WiTtbYO0UrDPZy0FhkIdyPVWFDPDfqD0Kc36Og'),('Border Run (Mule, The)','Sawayn-Grimes',764289,363,'Yiddish','https://jamesclear.com/book-summaries/a-short-guide-to-a-happy-life','https://designforwriters.com/wp-content/uploads/2017/10/design-for-writers-book-cover-tf-2-a-million-to-one.jpg?fbclid=IwAR0To4DgjsBK8VuijMXH7WiTtbYO0UrDPZy0FhkIdyPVWFDPDfqD0Kc36Og'),('Beneath','Bailey-Jerde',766347,253,'Gujarati','https://jamesclear.com/book-summaries/a-short-guide-to-a-happy-life','https://designforwriters.com/wp-content/uploads/2017/10/design-for-writers-book-cover-tf-2-a-million-to-one.jpg?fbclid=IwAR0To4DgjsBK8VuijMXH7WiTtbYO0UrDPZy0FhkIdyPVWFDPDfqD0Kc36Og'),('Dames du Bois de Boulogne, Les (Ladies of the Bois de Boulogne, The) (Ladies of the Park)','Bartoletti-Cole',766373,715,'Croatian','https://jamesclear.com/book-summaries/a-short-guide-to-a-happy-life','https://designforwriters.com/wp-content/uploads/2017/10/design-for-writers-book-cover-tf-2-a-million-to-one.jpg?fbclid=IwAR0To4DgjsBK8VuijMXH7WiTtbYO0UrDPZy0FhkIdyPVWFDPDfqD0Kc36Og'),('Odd Life of Timothy Green, The','Koepp-Batz',767536,827,'Tajik','https://jamesclear.com/book-summaries/a-short-guide-to-a-happy-life','https://designforwriters.com/wp-content/uploads/2017/10/design-for-writers-book-cover-tf-2-a-million-to-one.jpg?fbclid=IwAR0To4DgjsBK8VuijMXH7WiTtbYO0UrDPZy0FhkIdyPVWFDPDfqD0Kc36Og'),('Diary of a Wimpy Kid: Rodrick Rules','O\'Connell, West and Kuhn',787724,945,'Persian','https://jamesclear.com/book-summaries/a-short-guide-to-a-happy-life','https://designforwriters.com/wp-content/uploads/2017/10/design-for-writers-book-cover-tf-2-a-million-to-one.jpg?fbclid=IwAR0To4DgjsBK8VuijMXH7WiTtbYO0UrDPZy0FhkIdyPVWFDPDfqD0Kc36Og'),('Diario de un skin','Breitenberg LLC',791353,292,'Oriya','https://jamesclear.com/book-summaries/a-short-guide-to-a-happy-life','https://designforwriters.com/wp-content/uploads/2017/10/design-for-writers-book-cover-tf-2-a-million-to-one.jpg?fbclid=IwAR0To4DgjsBK8VuijMXH7WiTtbYO0UrDPZy0FhkIdyPVWFDPDfqD0Kc36Og'),('Myriad of Lights (Lights of Ten Thousand Homes, The) (Wanjia denghuo)','Adams LLC',803564,103,'Fijian','https://jamesclear.com/book-summaries/a-short-guide-to-a-happy-life','https://designforwriters.com/wp-content/uploads/2017/10/design-for-writers-book-cover-tf-2-a-million-to-one.jpg?fbclid=IwAR0To4DgjsBK8VuijMXH7WiTtbYO0UrDPZy0FhkIdyPVWFDPDfqD0Kc36Og'),('Something to Sing About','Willms, Ernser and Beer',807137,435,'Haitian Creole','https://jamesclear.com/book-summaries/a-short-guide-to-a-happy-life','https://designforwriters.com/wp-content/uploads/2017/10/design-for-writers-book-cover-tf-2-a-million-to-one.jpg?fbclid=IwAR0To4DgjsBK8VuijMXH7WiTtbYO0UrDPZy0FhkIdyPVWFDPDfqD0Kc36Og'),('Whatever Works','Bashirian, Williamson and Rolfson',807730,848,'Montenegrin','https://jamesclear.com/book-summaries/a-short-guide-to-a-happy-life','https://designforwriters.com/wp-content/uploads/2017/10/design-for-writers-book-cover-tf-2-a-million-to-one.jpg?fbclid=IwAR0To4DgjsBK8VuijMXH7WiTtbYO0UrDPZy0FhkIdyPVWFDPDfqD0Kc36Og'),('Hunger','Gleichner-Murray',808396,985,'Luxembourgish','https://jamesclear.com/book-summaries/a-short-guide-to-a-happy-life','https://designforwriters.com/wp-content/uploads/2017/10/design-for-writers-book-cover-tf-2-a-million-to-one.jpg?fbclid=IwAR0To4DgjsBK8VuijMXH7WiTtbYO0UrDPZy0FhkIdyPVWFDPDfqD0Kc36Og'),('Fast and the Furious, The','Swift-Okuneva',818687,135,'Luxembourgish','https://jamesclear.com/book-summaries/a-short-guide-to-a-happy-life','https://designforwriters.com/wp-content/uploads/2017/10/design-for-writers-book-cover-tf-2-a-million-to-one.jpg?fbclid=IwAR0To4DgjsBK8VuijMXH7WiTtbYO0UrDPZy0FhkIdyPVWFDPDfqD0Kc36Og'),('Adventures of Elmo in Grouchland, The','Hudson, Hessel and Mante',821130,911,'Gujarati','https://jamesclear.com/book-summaries/a-short-guide-to-a-happy-life','https://designforwriters.com/wp-content/uploads/2017/10/design-for-writers-book-cover-tf-2-a-million-to-one.jpg?fbclid=IwAR0To4DgjsBK8VuijMXH7WiTtbYO0UrDPZy0FhkIdyPVWFDPDfqD0Kc36Og'),('Interview with a Hitman','Wunsch-Stanton',841418,463,'Bengali','https://jamesclear.com/book-summaries/a-short-guide-to-a-happy-life','https://designforwriters.com/wp-content/uploads/2017/10/design-for-writers-book-cover-tf-2-a-million-to-one.jpg?fbclid=IwAR0To4DgjsBK8VuijMXH7WiTtbYO0UrDPZy0FhkIdyPVWFDPDfqD0Kc36Og'),('Open Season','Hodkiewicz-Christiansen',849988,973,'Fijian','https://jamesclear.com/book-summaries/a-short-guide-to-a-happy-life','https://designforwriters.com/wp-content/uploads/2017/10/design-for-writers-book-cover-tf-2-a-million-to-one.jpg?fbclid=IwAR0To4DgjsBK8VuijMXH7WiTtbYO0UrDPZy0FhkIdyPVWFDPDfqD0Kc36Og'),('Safety of Objects, The','Mann-Hahn',866287,172,'English','https://jamesclear.com/book-summaries/a-short-guide-to-a-happy-life','https://designforwriters.com/wp-content/uploads/2017/10/design-for-writers-book-cover-tf-2-a-million-to-one.jpg?fbclid=IwAR0To4DgjsBK8VuijMXH7WiTtbYO0UrDPZy0FhkIdyPVWFDPDfqD0Kc36Og'),('Summit, The','Stehr-Crooks',871515,980,'Spanish','https://jamesclear.com/book-summaries/a-short-guide-to-a-happy-life','https://designforwriters.com/wp-content/uploads/2017/10/design-for-writers-book-cover-tf-2-a-million-to-one.jpg?fbclid=IwAR0To4DgjsBK8VuijMXH7WiTtbYO0UrDPZy0FhkIdyPVWFDPDfqD0Kc36Og'),('If Footmen Tire You What Will Horses Do?','Goldner, Kutch and Bosco',871538,204,'Nepali','https://jamesclear.com/book-summaries/a-short-guide-to-a-happy-life','https://designforwriters.com/wp-content/uploads/2017/10/design-for-writers-book-cover-tf-2-a-million-to-one.jpg?fbclid=IwAR0To4DgjsBK8VuijMXH7WiTtbYO0UrDPZy0FhkIdyPVWFDPDfqD0Kc36Og'),('Urgh! A Music War','Dach Inc',874749,286,'Greek','https://jamesclear.com/book-summaries/a-short-guide-to-a-happy-life','https://designforwriters.com/wp-content/uploads/2017/10/design-for-writers-book-cover-tf-2-a-million-to-one.jpg?fbclid=IwAR0To4DgjsBK8VuijMXH7WiTtbYO0UrDPZy0FhkIdyPVWFDPDfqD0Kc36Og'),('Last American Hero, The','Kunde-Kuvalis',878055,467,'Filipino','https://jamesclear.com/book-summaries/a-short-guide-to-a-happy-life','https://designforwriters.com/wp-content/uploads/2017/10/design-for-writers-book-cover-tf-2-a-million-to-one.jpg?fbclid=IwAR0To4DgjsBK8VuijMXH7WiTtbYO0UrDPZy0FhkIdyPVWFDPDfqD0Kc36Og'),('Raw Deal','Fisher Inc',880688,933,'Aymara','https://jamesclear.com/book-summaries/a-short-guide-to-a-happy-life','https://designforwriters.com/wp-content/uploads/2017/10/design-for-writers-book-cover-tf-2-a-million-to-one.jpg?fbclid=IwAR0To4DgjsBK8VuijMXH7WiTtbYO0UrDPZy0FhkIdyPVWFDPDfqD0Kc36Og'),('The Shadow of the Eagle','Weber-Ziemann',883246,767,'Sotho','https://jamesclear.com/book-summaries/a-short-guide-to-a-happy-life','https://designforwriters.com/wp-content/uploads/2017/10/design-for-writers-book-cover-tf-2-a-million-to-one.jpg?fbclid=IwAR0To4DgjsBK8VuijMXH7WiTtbYO0UrDPZy0FhkIdyPVWFDPDfqD0Kc36Og'),('Our Dancing Daughters','Kilback-Lueilwitz',884051,306,'Indonesian','https://jamesclear.com/book-summaries/a-short-guide-to-a-happy-life','https://designforwriters.com/wp-content/uploads/2017/10/design-for-writers-book-cover-tf-2-a-million-to-one.jpg?fbclid=IwAR0To4DgjsBK8VuijMXH7WiTtbYO0UrDPZy0FhkIdyPVWFDPDfqD0Kc36Og'),('Toolbox Murders, The','Medhurst-Bartoletti',886127,658,'Irish Gaelic','https://jamesclear.com/book-summaries/a-short-guide-to-a-happy-life','https://designforwriters.com/wp-content/uploads/2017/10/design-for-writers-book-cover-tf-2-a-million-to-one.jpg?fbclid=IwAR0To4DgjsBK8VuijMXH7WiTtbYO0UrDPZy0FhkIdyPVWFDPDfqD0Kc36Og');
/*!40000 ALTER TABLE `book` ENABLE KEYS */;
UNLOCK TABLES;

--
-- Table structure for table `book_author`
--

DROP TABLE IF EXISTS `book_author`;
/*!40101 SET @saved_cs_client     = @@character_set_client */;
/*!40101 SET character_set_client = utf8 */;
CREATE TABLE `book_author` (
  `book_id` int(11) NOT NULL,
  `author_id` int(11) NOT NULL,
  KEY `book_id` (`book_id`),
  KEY `author_id` (`author_id`),
  CONSTRAINT `book_author_ibfk_1` FOREIGN KEY (`book_id`) REFERENCES `book` (`ISBN`),
  CONSTRAINT `book_author_ibfk_2` FOREIGN KEY (`author_id`) REFERENCES `author` (`id`)
) ENGINE=InnoDB DEFAULT CHARSET=utf8mb4 COLLATE=utf8mb4_general_ci;
/*!40101 SET character_set_client = @saved_cs_client */;

--
-- Dumping data for table `book_author`
--

LOCK TABLES `book_author` WRITE;
/*!40000 ALTER TABLE `book_author` DISABLE KEYS */;
INSERT INTO `book_author` VALUES (100854,17),(100854,5),(100854,13),(115886,7),(115886,15),(115886,18),(121264,10),(121264,11),(121264,15),(122982,20),(122982,11),(122982,16),(128473,6),(128473,19),(128473,3),(129538,15),(129538,19),(129538,6),(140269,17),(140269,11),(140269,10),(148176,11),(148176,1),(148176,4),(148267,14),(148267,5),(148267,11),(149473,18),(149473,15),(149473,8),(153661,19),(153661,13),(153661,16),(155666,1),(155666,17),(155666,4),(157855,9),(157855,14),(157855,18),(159661,5),(159661,1),(159661,20),(169215,5),(169215,11),(169215,12),(169901,4),(169901,15),(169901,2),(171915,4),(171915,20),(171915,17),(173482,2),(173482,18),(173482,12),(176719,1),(176719,9),(176719,17),(179814,9),(179814,15),(179814,18),(186485,7),(186485,17),(186485,12),(198687,2),(198687,8),(198687,9),(199959,5),(199959,19),(199959,15),(205658,14),(205658,6),(205658,16),(209611,3),(209611,2),(209611,19),(227773,13),(227773,2),(227773,1),(228508,6),(228508,9),(228508,8),(230658,4),(230658,14),(230658,19),(239582,9),(239582,3),(239582,19),(249731,3),(249731,9),(249731,15),(258021,16),(258021,11),(258021,7),(263369,15),(263369,7),(263369,16),(264135,9),(264135,19),(264135,18),(268338,19),(268338,5),(268338,11),(278077,15),(278077,16),(278077,12),(286993,10),(286993,6),(286993,4),(287200,1),(287200,14),(287200,2),(297669,19),(297669,3),(297669,14),(301053,2),(301053,4),(301053,5),(308431,8),(308431,11),(308431,4),(315502,11),(315502,6),(315502,9),(317695,15),(317695,20),(317695,18),(329814,4),(329814,16),(329814,18),(329848,10),(329848,13),(329848,20),(338590,8),(338590,2),(338590,13),(343915,17),(343915,20),(343915,10),(360485,15),(360485,5),(360485,4),(366414,6),(366414,17),(366414,12),(371067,16),(371067,8),(371067,13),(374911,14),(374911,3),(374911,9),(375109,12),(375109,11),(375109,1),(377520,9),(377520,18),(377520,6),(381321,8),(381321,12),(381321,1),(383168,1),(383168,7),(383168,9),(383873,20),(383873,3),(383873,4),(387140,12),(387140,15),(387140,11),(399523,5),(399523,17),(399523,6),(401488,7),(401488,11),(401488,9),(416642,11),(416642,10),(416642,1),(424813,8),(424813,13),(424813,18),(425287,11),(425287,12),(425287,19),(429968,14),(429968,20),(429968,12),(433189,7),(433189,3),(433189,13),(440860,16),(440860,15),(440860,1),(442942,18),(442942,20),(442942,17),(445702,10),(445702,3),(445702,1),(449129,3),(449129,15),(449129,16),(467145,8),(467145,2),(467145,15),(468525,18),(468525,14),(468525,12),(470576,11),(470576,12),(470576,14),(474912,10),(474912,6),(474912,4),(475981,1),(475981,20),(475981,5),(476195,14),(476195,3),(476195,2),(479884,15),(479884,20),(479884,11),(483476,13),(483476,2),(483476,18),(485774,12),(485774,10),(485774,18),(489776,18),(489776,15),(489776,17),(501994,3),(501994,17),(501994,6),(513080,16),(513080,4),(513080,17),(526859,18),(526859,14),(526859,1),(530126,4),(530126,14),(530126,18),(535998,14),(535998,16),(535998,11),(537407,5),(537407,11),(537407,2),(546658,13),(546658,4),(546658,2),(556189,16),(556189,8),(556189,12),(557402,5),(557402,10),(557402,18),(567103,20),(567103,8),(567103,19),(567400,12),(567400,18),(567400,6),(591808,4),(591808,10),(591808,19),(593330,3),(593330,6),(593330,7),(598594,9),(598594,12),(598594,17),(599969,8),(599969,13),(599969,11),(607296,2),(607296,3),(607296,10),(615588,20),(615588,16),(615588,9),(623010,2),(623010,10),(623010,15),(627812,7),(627812,20),(627812,18),(635068,19),(635068,7),(635068,18),(635150,20),(635150,14),(635150,17),(643843,5),(643843,7),(643843,4),(646271,14),(646271,20),(646271,18),(646694,7),(646694,2),(646694,18),(656574,1),(656574,8),(656574,17),(657488,2),(657488,14),(657488,11),(657610,16),(657610,20),(657610,14),(662370,2),(662370,1),(662370,12),(674585,15),(674585,5),(674585,18),(676649,6),(676649,20),(676649,5),(685931,19),(685931,5),(685931,18),(686329,11),(686329,2),(686329,15),(688324,17),(688324,15),(688324,9),(688863,11),(688863,9),(688863,16),(692342,8),(692342,5),(692342,17),(698543,20),(698543,19),(698543,14),(702460,7),(702460,4),(702460,20),(706721,12),(706721,7),(706721,14),(714990,10),(714990,20),(714990,4),(719997,14),(719997,9),(719997,5),(721851,1),(721851,9),(721851,8),(725426,8),(725426,4),(725426,19),(726650,7),(726650,11),(726650,4),(733662,19),(733662,16),(733662,18),(743901,14),(743901,20),(743901,2),(744770,2),(744770,7),(744770,17),(751484,7),(751484,12),(751484,3),(753573,20),(753573,11),(753573,1),(757767,5),(757767,18),(757767,15),(757854,4),(757854,5),(757854,19),(764289,10),(764289,18),(764289,9),(766347,20),(766347,9),(766347,3),(766373,3),(766373,12),(766373,13),(767536,15),(767536,5),(767536,3),(787724,11),(787724,7),(787724,19),(791353,14),(791353,1),(791353,16),(803564,17),(803564,18),(803564,14),(807137,11),(807137,20),(807137,10),(807730,19),(807730,7),(807730,6),(808396,5),(808396,15),(808396,11),(818687,6),(818687,7),(818687,8),(821130,9),(821130,2),(821130,6),(841418,1),(841418,13),(841418,18),(849988,10),(849988,12),(849988,7),(866287,15),(866287,3),(866287,13),(871515,5),(871515,14),(871515,1),(871538,2),(871538,13),(871538,16),(874749,17),(874749,1),(874749,11),(878055,13),(878055,19),(878055,2),(880688,11),(880688,20),(880688,8),(883246,10),(883246,7),(883246,16),(884051,9),(884051,5),(884051,16),(886127,8),(886127,17),(886127,15),(880688,19),(880688,19);
/*!40000 ALTER TABLE `book_author` ENABLE KEYS */;
UNLOCK TABLES;

--
-- Table structure for table `book_category`
--

DROP TABLE IF EXISTS `book_category`;
/*!40101 SET @saved_cs_client     = @@character_set_client */;
/*!40101 SET character_set_client = utf8 */;
CREATE TABLE `book_category` (
  `book_id` int(11) NOT NULL,
  `category_id` int(11) NOT NULL DEFAULT 0,
  KEY `category_id` (`category_id`),
  KEY `book_id` (`book_id`),
  CONSTRAINT `book_category_ibfk_1` FOREIGN KEY (`category_id`) REFERENCES `category` (`id`),
  CONSTRAINT `book_category_ibfk_2` FOREIGN KEY (`book_id`) REFERENCES `book` (`ISBN`)
) ENGINE=InnoDB DEFAULT CHARSET=utf8mb4 COLLATE=utf8mb4_general_ci;
/*!40101 SET character_set_client = @saved_cs_client */;

--
-- Dumping data for table `book_category`
--

LOCK TABLES `book_category` WRITE;
/*!40000 ALTER TABLE `book_category` DISABLE KEYS */;
INSERT INTO `book_category` VALUES (100854,1),(100854,9),(100854,4),(115886,6),(115886,9),(115886,8),(121264,5),(121264,1),(121264,3),(122982,9),(122982,7),(122982,4),(128473,5),(128473,9),(128473,10),(129538,7),(129538,3),(129538,8),(140269,1),(140269,8),(140269,3),(148176,10),(148176,8),(148176,5),(148267,10),(148267,7),(148267,4),(149473,9),(149473,2),(149473,6),(153661,8),(153661,10),(153661,2),(155666,2),(155666,4),(155666,8),(157855,7),(157855,2),(157855,1),(159661,10),(159661,4),(159661,3),(169215,7),(169215,3),(169215,1),(169901,3),(169901,9),(169901,5),(171915,2),(171915,9),(171915,1),(173482,9),(173482,1),(173482,10),(176719,7),(176719,9),(176719,2),(179814,9),(179814,1),(179814,3),(186485,9),(186485,2),(186485,1),(198687,9),(198687,4),(198687,5),(199959,10),(199959,1),(199959,4),(205658,10),(205658,7),(205658,9),(209611,3),(209611,1),(209611,5),(227773,5),(227773,9),(227773,3),(228508,5),(228508,3),(228508,1),(230658,6),(230658,2),(230658,9),(239582,9),(239582,7),(239582,2),(249731,4),(249731,3),(249731,2),(258021,6),(258021,7),(258021,8),(263369,8),(263369,3),(263369,9),(264135,1),(264135,3),(264135,7),(268338,3),(268338,6),(268338,5),(278077,6),(278077,3),(278077,8),(286993,8),(286993,10),(286993,3),(287200,8),(287200,9),(287200,3),(297669,9),(297669,10),(297669,4),(301053,7),(301053,10),(301053,2),(308431,9),(308431,8),(308431,10),(315502,4),(315502,3),(315502,2),(317695,4),(317695,5),(317695,7),(329814,10),(329814,5),(329814,2),(329848,7),(329848,5),(329848,10),(338590,5),(338590,9),(338590,10),(343915,9),(343915,6),(343915,7),(360485,9),(360485,1),(360485,7),(366414,10),(366414,5),(366414,9),(371067,1),(371067,8),(371067,5),(374911,4),(374911,3),(374911,10),(375109,1),(375109,6),(375109,3),(377520,4),(377520,3),(377520,2),(381321,7),(381321,5),(381321,6),(383168,2),(383168,7),(383168,4),(383873,6),(383873,7),(383873,2),(387140,10),(387140,4),(387140,1),(399523,1),(399523,2),(399523,3),(401488,7),(401488,5),(401488,1),(416642,3),(416642,7),(416642,8),(424813,10),(424813,9),(424813,8),(425287,10),(425287,9),(425287,6),(429968,4),(429968,1),(429968,10),(433189,5),(433189,10),(433189,2),(440860,7),(440860,8),(440860,4),(442942,3),(442942,10),(442942,1),(445702,10),(445702,4),(445702,8),(449129,8),(449129,4),(449129,1),(467145,3),(467145,7),(467145,9),(468525,9),(468525,2),(468525,8),(470576,3),(470576,6),(470576,1),(474912,9),(474912,7),(474912,2),(475981,10),(475981,6),(475981,3),(476195,7),(476195,3),(476195,6),(479884,8),(479884,9),(479884,3),(483476,1),(483476,2),(483476,8),(485774,6),(485774,2),(485774,10),(489776,7),(489776,9),(489776,3),(501994,7),(501994,8),(501994,3),(513080,1),(513080,2),(513080,4),(526859,10),(526859,9),(526859,6),(530126,8),(530126,1),(530126,2),(535998,5),(535998,8),(535998,3),(537407,2),(537407,8),(537407,6),(546658,2),(546658,5),(546658,10),(556189,4),(556189,8),(556189,3),(557402,8),(557402,6),(557402,4),(567103,5),(567103,2),(567103,10),(567400,6),(567400,7),(567400,9),(591808,7),(591808,1),(591808,4),(593330,4),(593330,1),(593330,9),(598594,1),(598594,3),(598594,6),(599969,10),(599969,2),(599969,1),(607296,9),(607296,2),(607296,6),(615588,4),(615588,5),(615588,3),(623010,6),(623010,3),(623010,2),(627812,10),(627812,7),(627812,6),(635068,1),(635068,9),(635068,4),(635150,6),(635150,9),(635150,8),(643843,3),(643843,1),(643843,9),(646271,2),(646271,9),(646271,5),(646694,10),(646694,8),(646694,2),(656574,8),(656574,1),(656574,9),(657488,8),(657488,6),(657488,4),(657610,6),(657610,1),(657610,5),(662370,4),(662370,7),(662370,9),(674585,2),(674585,3),(674585,4),(676649,6),(676649,3),(676649,2),(685931,10),(685931,3),(685931,6),(686329,5),(686329,9),(686329,7),(688324,10),(688324,9),(688324,2),(688863,9),(688863,4),(688863,3),(692342,2),(692342,6),(692342,1),(698543,8),(698543,2),(698543,7),(702460,1),(702460,5),(702460,6),(706721,3),(706721,4),(706721,8),(714990,10),(714990,7),(714990,4),(719997,5),(719997,2),(719997,3),(721851,8),(721851,7),(721851,3),(725426,10),(725426,4),(725426,2),(726650,8),(726650,9),(726650,7),(733662,4),(733662,5),(733662,2),(743901,7),(743901,10),(743901,5),(744770,7),(744770,3),(744770,6),(751484,4),(751484,1),(751484,3),(753573,5),(753573,9),(753573,1),(757767,3),(757767,4),(757767,1),(757854,1),(757854,10),(757854,9),(764289,2),(764289,7),(764289,4),(766347,7),(766347,2),(766347,5),(766373,2),(766373,5),(766373,1),(767536,6),(767536,5),(767536,10),(787724,6),(787724,3),(787724,4),(791353,2),(791353,9),(791353,3),(803564,7),(803564,6),(803564,9),(807137,7),(807137,1),(807137,4),(807730,10),(807730,7),(807730,6),(808396,7),(808396,6),(808396,1),(818687,9),(818687,6),(818687,10),(821130,6),(821130,2),(821130,3),(841418,10),(841418,3),(841418,4),(849988,2),(849988,4),(849988,6),(866287,1),(866287,3),(866287,9),(871515,7),(871515,10),(871515,8),(871538,2),(871538,7),(871538,6),(874749,7),(874749,5),(874749,9),(878055,7),(878055,1),(878055,3),(880688,7),(880688,10),(880688,1),(883246,1),(883246,9),(883246,7),(884051,8),(884051,5),(884051,4),(886127,10),(886127,7),(886127,1);
/*!40000 ALTER TABLE `book_category` ENABLE KEYS */;
UNLOCK TABLES;

--
-- Table structure for table `book_school`
--

DROP TABLE IF EXISTS `book_school`;
/*!40101 SET @saved_cs_client     = @@character_set_client */;
/*!40101 SET character_set_client = utf8 */;
CREATE TABLE `book_school` (
  `id` int(11) NOT NULL AUTO_INCREMENT,
  `book_id` int(11) NOT NULL,
  `school_id` int(11) NOT NULL,
  `inventory` int(6) NOT NULL DEFAULT 0,
  PRIMARY KEY (`id`),
  KEY `book_id` (`book_id`),
  KEY `school_id` (`school_id`),
  CONSTRAINT `book_school_ibfk_1` FOREIGN KEY (`book_id`) REFERENCES `book` (`ISBN`),
  CONSTRAINT `book_school_ibfk_2` FOREIGN KEY (`school_id`) REFERENCES `school` (`id`)
) ENGINE=InnoDB AUTO_INCREMENT=434 DEFAULT CHARSET=utf8mb4 COLLATE=utf8mb4_general_ci;
/*!40101 SET character_set_client = @saved_cs_client */;

--
-- Dumping data for table `book_school`
--

LOCK TABLES `book_school` WRITE;
/*!40000 ALTER TABLE `book_school` DISABLE KEYS */;
INSERT INTO `book_school` VALUES (1,100854,1,0),(2,115886,1,0),(3,121264,1,0),(4,122982,1,0),(5,128473,1,0),(6,129538,1,0),(7,140269,1,0),(8,148176,1,0),(9,148267,1,0),(10,149473,1,0),(11,153661,1,0),(12,155666,1,0),(13,157855,1,0),(14,159661,1,0),(15,169215,1,0),(16,169901,1,0),(17,171915,1,0),(18,173482,1,0),(19,176719,1,0),(20,179814,1,0),(21,186485,1,0),(22,198687,1,0),(23,199959,1,0),(24,205658,1,0),(25,209611,1,0),(26,227773,1,0),(27,228508,1,0),(28,230658,1,0),(29,239582,1,0),(30,249731,1,0),(31,258021,1,0),(32,263369,1,0),(33,264135,1,0),(34,268338,1,0),(35,278077,1,0),(36,286993,1,0),(37,287200,1,0),(38,297669,1,0),(39,301053,1,0),(40,308431,1,0),(41,315502,1,0),(42,317695,1,0),(43,329814,1,0),(44,329848,1,0),(45,338590,1,0),(46,343915,1,0),(47,360485,1,0),(48,366414,1,0),(49,371067,1,0),(50,374911,1,0),(51,375109,1,0),(52,377520,1,0),(53,381321,1,0),(54,383168,1,0),(55,383873,1,0),(56,387140,1,0),(57,399523,1,0),(58,401488,1,0),(59,416642,1,0),(60,424813,1,0),(61,425287,1,0),(62,429968,1,0),(63,433189,1,0),(64,440860,1,0),(65,442942,1,0),(66,445702,1,0),(67,449129,1,0),(68,467145,1,0),(69,468525,1,0),(70,470576,1,0),(71,474912,1,0),(72,475981,1,0),(73,476195,1,0),(74,479884,1,0),(75,483476,1,0),(76,485774,1,0),(77,489776,1,0),(78,501994,1,0),(79,513080,1,0),(80,526859,1,0),(81,530126,1,0),(82,535998,1,0),(83,537407,1,0),(84,546658,1,0),(85,556189,1,0),(86,557402,1,0),(87,567103,1,0),(88,567400,1,0),(89,591808,1,0),(90,593330,1,0),(91,598594,1,0),(92,599969,1,0),(93,607296,1,0),(94,615588,1,0),(95,623010,1,0),(96,627812,1,0),(97,635068,1,0),(98,635150,1,0),(99,387140,2,0),(100,399523,2,0),(101,401488,2,0),(102,416642,2,0),(103,424813,2,0),(104,425287,2,0),(105,429968,2,0),(106,433189,2,0),(107,440860,2,0),(108,442942,2,0),(109,445702,2,0),(110,449129,2,0),(111,467145,2,0),(112,468525,2,0),(113,470576,2,0),(114,474912,2,0),(115,475981,2,0),(116,476195,2,0),(117,479884,2,0),(118,483476,2,0),(119,485774,2,0),(120,489776,2,0),(121,501994,2,0),(122,513080,2,0),(123,526859,2,0),(124,530126,2,0),(125,535998,2,0),(126,537407,2,0),(127,546658,2,0),(128,556189,2,0),(129,557402,2,0),(130,567103,2,0),(131,567400,2,0),(132,591808,2,0),(133,593330,2,0),(134,598594,2,0),(135,599969,2,0),(136,607296,2,0),(137,615588,2,0),(138,623010,2,0),(139,627812,2,0),(140,635068,2,0),(141,635150,2,0),(142,643843,2,0),(143,646271,2,0),(144,646694,2,0),(145,656574,2,0),(146,657488,2,0),(147,657610,2,0),(148,662370,2,0),(149,674585,2,0),(150,676649,2,0),(151,685931,2,0),(152,686329,2,0),(153,688324,2,0),(154,688863,2,0),(155,692342,2,0),(156,698543,2,0),(157,702460,2,0),(158,706721,2,0),(159,714990,2,0),(160,719997,2,0),(161,721851,2,0),(162,725426,2,0),(163,726650,2,0),(164,733662,2,0),(165,743901,2,0),(166,744770,2,0),(167,751484,2,0),(168,753573,2,0),(169,757767,2,0),(170,757854,2,0),(171,764289,2,0),(172,766347,2,0),(173,766373,2,0),(174,767536,2,0),(175,787724,2,0),(176,791353,2,0),(177,803564,2,0),(178,807137,2,0),(179,807730,2,0),(180,808396,2,0),(181,818687,2,0),(182,821130,2,0),(362,513080,3,0),(363,526859,3,0),(364,530126,3,0),(365,535998,3,0),(366,537407,3,0),(367,546658,3,0),(368,556189,3,0),(369,557402,3,0),(370,567103,3,0),(371,567400,3,0),(372,591808,3,0),(373,593330,3,0),(374,598594,3,0),(375,599969,3,0),(376,607296,3,0),(377,615588,3,0),(378,623010,3,0),(379,627812,3,0),(380,635068,3,0),(381,635150,3,0),(382,643843,3,0),(383,646271,3,0),(384,646694,3,0),(385,656574,3,0),(386,657488,3,0),(387,657610,3,0),(388,662370,3,0),(389,674585,3,0),(390,676649,3,0),(391,685931,3,0),(392,686329,3,0),(393,688324,3,0),(394,688863,3,0),(395,692342,3,0),(396,698543,3,0),(397,702460,3,0),(398,706721,3,0),(399,714990,3,0),(400,719997,3,0),(401,721851,3,0),(402,725426,3,0),(403,726650,3,0),(404,733662,3,0),(405,743901,3,0),(406,744770,3,0),(407,751484,3,0),(408,753573,3,0),(409,757767,3,0),(410,757854,3,0),(411,764289,3,0),(412,766347,3,0),(413,766373,3,0),(414,767536,3,0),(415,787724,3,0),(416,791353,3,0),(417,803564,3,0),(418,807137,3,0),(419,807730,3,0),(420,808396,3,0),(421,818687,3,0),(422,821130,3,0),(423,841418,3,0),(424,849988,3,0),(425,866287,3,0),(426,871515,3,0),(427,871538,3,0),(428,874749,3,0),(429,878055,3,0),(430,880688,3,0),(431,883246,3,0),(432,884051,3,0),(433,886127,3,0);
/*!40000 ALTER TABLE `book_school` ENABLE KEYS */;
UNLOCK TABLES;

--
-- Table structure for table `category`
--

DROP TABLE IF EXISTS `category`;
/*!40101 SET @saved_cs_client     = @@character_set_client */;
/*!40101 SET character_set_client = utf8 */;
CREATE TABLE `category` (
  `id` int(11) NOT NULL AUTO_INCREMENT,
  `category` varchar(50) NOT NULL,
  PRIMARY KEY (`id`)
) ENGINE=InnoDB AUTO_INCREMENT=11 DEFAULT CHARSET=utf8mb4 COLLATE=utf8mb4_general_ci;
/*!40101 SET character_set_client = @saved_cs_client */;

--
-- Dumping data for table `category`
--

LOCK TABLES `category` WRITE;
/*!40000 ALTER TABLE `category` DISABLE KEYS */;
INSERT INTO `category` VALUES (1,'Fiction'),(2,'Non-Fiction'),(3,'Mystery'),(4,'Romance'),(5,'Science Fiction'),(6,'Fantasy'),(7,'Biography'),(8,'Self-Help'),(9,'History'),(10,'Thriller');
/*!40000 ALTER TABLE `category` ENABLE KEYS */;
UNLOCK TABLES;

--
-- Table structure for table `ratings`
--

DROP TABLE IF EXISTS `ratings`;
/*!40101 SET @saved_cs_client     = @@character_set_client */;
/*!40101 SET character_set_client = utf8 */;
CREATE TABLE `ratings` (
  `id` int(11) NOT NULL AUTO_INCREMENT,
  `book_id` int(11) NOT NULL,
  `user_id` int(11) NOT NULL,
  `rating` int(11) NOT NULL CHECK (`rating` >= 1 and `rating` <= 5),
  PRIMARY KEY (`id`),
  KEY `book_id` (`book_id`),
  KEY `user_id` (`user_id`),
  CONSTRAINT `ratings_ibfk_1` FOREIGN KEY (`book_id`) REFERENCES `book` (`ISBN`),
  CONSTRAINT `ratings_ibfk_2` FOREIGN KEY (`user_id`) REFERENCES `user` (`id`)
) ENGINE=InnoDB DEFAULT CHARSET=utf8mb4 COLLATE=utf8mb4_general_ci;
/*!40101 SET character_set_client = @saved_cs_client */;

--
-- Dumping data for table `ratings`
--

LOCK TABLES `ratings` WRITE;
/*!40000 ALTER TABLE `ratings` DISABLE KEYS */;
/*!40000 ALTER TABLE `ratings` ENABLE KEYS */;
UNLOCK TABLES;

--
-- Table structure for table `reservation`
--

DROP TABLE IF EXISTS `reservation`;
/*!40101 SET @saved_cs_client     = @@character_set_client */;
/*!40101 SET character_set_client = utf8 */;
CREATE TABLE `reservation` (
  `reservation_id` int(11) NOT NULL AUTO_INCREMENT,
  `book_id` int(11) NOT NULL,
  `user_id` int(11) NOT NULL,
  `reservation_status` tinyint(1) NOT NULL DEFAULT 0,
  `reservation_date` datetime DEFAULT NULL,
  `borrow_date` datetime DEFAULT NULL,
  `return_date` datetime DEFAULT NULL,
  `is_approved` tinyint(1) DEFAULT 0,
  PRIMARY KEY (`reservation_id`),
  KEY `book_id` (`book_id`),
  KEY `user_id` (`user_id`),
  CONSTRAINT `reservation_ibfk_1` FOREIGN KEY (`book_id`) REFERENCES `book` (`ISBN`),
  CONSTRAINT `reservation_ibfk_2` FOREIGN KEY (`user_id`) REFERENCES `user` (`id`)
) ENGINE=InnoDB DEFAULT CHARSET=utf8mb4 COLLATE=utf8mb4_general_ci;
/*!40101 SET character_set_client = @saved_cs_client */;

--
-- Dumping data for table `reservation`
--

LOCK TABLES `reservation` WRITE;
/*!40000 ALTER TABLE `reservation` DISABLE KEYS */;
/*!40000 ALTER TABLE `reservation` ENABLE KEYS */;
UNLOCK TABLES;

--
-- Table structure for table `role`
--

DROP TABLE IF EXISTS `role`;
/*!40101 SET @saved_cs_client     = @@character_set_client */;
/*!40101 SET character_set_client = utf8 */;
CREATE TABLE `role` (
  `id` int(11) NOT NULL AUTO_INCREMENT,
  `user_id` int(11) NOT NULL,
  `role` int(1) NOT NULL DEFAULT 0,
  PRIMARY KEY (`id`),
  UNIQUE KEY `user_id` (`user_id`),
  CONSTRAINT `role_ibfk_1` FOREIGN KEY (`user_id`) REFERENCES `user` (`id`)
) ENGINE=InnoDB AUTO_INCREMENT=13 DEFAULT CHARSET=utf8mb4 COLLATE=utf8mb4_general_ci;
/*!40101 SET character_set_client = @saved_cs_client */;

--
-- Dumping data for table `role`
--

LOCK TABLES `role` WRITE;
/*!40000 ALTER TABLE `role` DISABLE KEYS */;
INSERT INTO `role` VALUES (1,1,1),(2,2,1),(3,3,2),(4,4,2),(5,5,1),(6,6,3),(7,7,1),(8,8,1),(9,9,1),(11,10,2);
/*!40000 ALTER TABLE `role` ENABLE KEYS */;
UNLOCK TABLES;

--
-- Table structure for table `school`
--

DROP TABLE IF EXISTS `school`;
/*!40101 SET @saved_cs_client     = @@character_set_client */;
/*!40101 SET character_set_client = utf8 */;
CREATE TABLE `school` (
  `id` int(11) NOT NULL AUTO_INCREMENT,
  `name` varchar(50) NOT NULL,
  `city` varchar(50) NOT NULL,
  `phone` int(11) NOT NULL,
  `email` varchar(50) NOT NULL,
  `director_name` varchar(50) NOT NULL,
  `admin_name` varchar(50) NOT NULL,
  PRIMARY KEY (`id`)
) ENGINE=InnoDB AUTO_INCREMENT=4 DEFAULT CHARSET=utf8mb4 COLLATE=utf8mb4_general_ci;
/*!40101 SET character_set_client = @saved_cs_client */;

--
-- Dumping data for table `school`
--

LOCK TABLES `school` WRITE;
/*!40000 ALTER TABLE `school` DISABLE KEYS */;
INSERT INTO `school` VALUES (1,'school1','athens',2105324611,'school1@gmail.com','kyriakopoulos','loupo'),(2,'school2','athens',2105326922,'school2@gmail.com','sotiropoulos','koulis'),(3,'school3','athens',2105324333,'school3@gmail.com','liropoulos','papadakis');
/*!40000 ALTER TABLE `school` ENABLE KEYS */;
UNLOCK TABLES;

--
-- Table structure for table `user`
--

DROP TABLE IF EXISTS `user`;
/*!40101 SET @saved_cs_client     = @@character_set_client */;
/*!40101 SET character_set_client = utf8 */;
CREATE TABLE `user` (
  `id` int(11) NOT NULL AUTO_INCREMENT,
  `username` varchar(10) NOT NULL,
  `password` varchar(10) NOT NULL,
  `num_books` int(11) NOT NULL,
  `active` tinyint(1) NOT NULL,
  `last_name` varchar(50) NOT NULL,
  `first_name` varchar(50) NOT NULL,
  `age` int(3) NOT NULL,
  PRIMARY KEY (`id`)
) ENGINE=InnoDB AUTO_INCREMENT=14 DEFAULT CHARSET=utf8mb4 COLLATE=utf8mb4_general_ci;
/*!40101 SET character_set_client = @saved_cs_client */;

--
-- Dumping data for table `user`
--

LOCK TABLES `user` WRITE;
/*!40000 ALTER TABLE `user` DISABLE KEYS */;
INSERT INTO `user` VALUES (1,'user1','password1',3,1,'Doe','John',25),(2,'user2','password2',0,0,'Smith','Jane',32),(3,'user3','password3',5,1,'Johnson','Michael',41),(4,'user4','password4',2,1,'Williams','Emily',28),(5,'user5','password5',1,0,'Brown','Oliver',35),(6,'user6','password6',7,1,'Jones','Sophia',37),(7,'user7','password7',0,0,'Davis','Emma',29),(8,'user8','password8',4,1,'Miller','Liam',31),(9,'user9','password9',6,1,'Wilson','Ava',26),(10,'user10','password10',3,1,'Taylor','Noah',33),(11,'usertest1','12341234',1,1,'testlastname','testfirstname',25),(12,'deme','12341234',2,1,'tse','demet',20),(13,'lialia','123123123',2,1,'liaeponimo','lia',20);
/*!40000 ALTER TABLE `user` ENABLE KEYS */;
UNLOCK TABLES;

--
-- Temporary table structure for view `user_role_view`
--

DROP TABLE IF EXISTS `user_role_view`;
/*!50001 DROP VIEW IF EXISTS `user_role_view`*/;
SET @saved_cs_client     = @@character_set_client;
SET character_set_client = utf8;
/*!50001 CREATE VIEW `user_role_view` AS SELECT
 1 AS `username`,
  1 AS `first_name`,
  1 AS `last_name`,
  1 AS `role` */;
SET character_set_client = @saved_cs_client;

--
-- Final view structure for view `user_role_view`
--

/*!50001 DROP VIEW IF EXISTS `user_role_view`*/;
/*!50001 SET @saved_cs_client          = @@character_set_client */;
/*!50001 SET @saved_cs_results         = @@character_set_results */;
/*!50001 SET @saved_col_connection     = @@collation_connection */;
/*!50001 SET character_set_client      = utf8mb3 */;
/*!50001 SET character_set_results     = utf8mb3 */;
/*!50001 SET collation_connection      = utf8mb3_general_ci */;
/*!50001 CREATE ALGORITHM=UNDEFINED */
/*!50013 DEFINER=`root`@`localhost` SQL SECURITY DEFINER */
/*!50001 VIEW `user_role_view` AS select `u`.`username` AS `username`,`u`.`first_name` AS `first_name`,`u`.`last_name` AS `last_name`,`r`.`role` AS `role` from (`user` `u` join `role` `r` on(`u`.`id` = `r`.`user_id`)) */;
/*!50001 SET character_set_client      = @saved_cs_client */;
/*!50001 SET character_set_results     = @saved_cs_results */;
/*!50001 SET collation_connection      = @saved_col_connection */;
/*!40103 SET TIME_ZONE=@OLD_TIME_ZONE */;

/*!40101 SET SQL_MODE=@OLD_SQL_MODE */;
/*!40014 SET FOREIGN_KEY_CHECKS=@OLD_FOREIGN_KEY_CHECKS */;
/*!40014 SET UNIQUE_CHECKS=@OLD_UNIQUE_CHECKS */;
/*!40101 SET CHARACTER_SET_CLIENT=@OLD_CHARACTER_SET_CLIENT */;
/*!40101 SET CHARACTER_SET_RESULTS=@OLD_CHARACTER_SET_RESULTS */;
/*!40101 SET COLLATION_CONNECTION=@OLD_COLLATION_CONNECTION */;
/*!40111 SET SQL_NOTES=@OLD_SQL_NOTES */;

-- Dump completed on 2023-05-23 15:06:05
